/*
 Navicat Premium Data Transfer

 Source Server         : localhost_3306
 Source Server Type    : MySQL
 Source Server Version : 80012 (8.0.12)
 Source Host           : localhost:3306
 Source Schema         : managerment

 Target Server Type    : MySQL
 Target Server Version : 80012 (8.0.12)
 File Encoding         : 65001

 Date: 10/02/2026 17:06:41
*/

SET NAMES utf8mb4;
SET FOREIGN_KEY_CHECKS = 0;

-- ----------------------------
-- Table structure for sys_amount_order
-- ----------------------------
DROP TABLE IF EXISTS `sys_amount_order`;
CREATE TABLE `sys_amount_order`  (
  `id` bigint(20) NOT NULL AUTO_INCREMENT COMMENT '金额订单ID',
  `orderId` varchar(64) CHARACTER SET utf8mb4 COLLATE utf8mb4_0900_ai_ci NOT NULL COMMENT '订单编号',
  `type` tinyint(4) NOT NULL COMMENT '类型（0-采购，1-采退，2-销售，3-销退）',
  `payerId` bigint(20) NOT NULL COMMENT '付款人ID（门店ID）',
  `payeeId` bigint(20) NOT NULL COMMENT '收款人ID（供应商ID）',
  `amount` decimal(12, 2) NOT NULL COMMENT '金额',
  `status` tinyint(4) NOT NULL COMMENT '状态（0-待支付，1-已支付，2-已取消）',
  `payType` varchar(32) CHARACTER SET utf8mb4 COLLATE utf8mb4_0900_ai_ci NULL DEFAULT '' COMMENT '支付方式（alipay-支付宝）',
  `tradeNo` varchar(64) CHARACTER SET utf8mb4 COLLATE utf8mb4_0900_ai_ci NULL DEFAULT '' COMMENT '第三方支付流水号',
  `createTime` datetime NOT NULL DEFAULT CURRENT_TIMESTAMP COMMENT '创建时间',
  `updateTime` datetime NOT NULL DEFAULT CURRENT_TIMESTAMP ON UPDATE CURRENT_TIMESTAMP COMMENT '更新时间',
  `createBy` bigint(20) NULL DEFAULT NULL COMMENT '创建人ID',
  `storeId` bigint(20) NOT NULL COMMENT '门店ID',
  PRIMARY KEY (`id`) USING BTREE
) ENGINE = InnoDB AUTO_INCREMENT = 2021137110298939395 CHARACTER SET = utf8mb4 COLLATE = utf8mb4_0900_ai_ci COMMENT = '金额订单表' ROW_FORMAT = Dynamic;

-- ----------------------------
-- Records of sys_amount_order
-- ----------------------------
INSERT INTO `sys_amount_order` VALUES (2020788362301599747, '2020788362301599746', 0, 2018357787859034114, 2018357787859034114, 288.00, 1, 'mock_pay', 'MOCK_1770695083744', '2026-02-09 17:14:24', '2026-02-10 11:44:44', 2018357787859034114, 2012451295549087746);
INSERT INTO `sys_amount_order` VALUES (2020875651081961475, '2020875651081961474', 0, 2018357787859034114, 2020798136963436545, 5000.00, 1, 'mock_pay', 'MOCK_1770695082367', '2026-02-09 23:01:15', '2026-02-10 11:44:42', 2018357787859034114, 2012451295549087746);
INSERT INTO `sys_amount_order` VALUES (2020889007700533250, '2020889007675367425', 0, 2020884645016145921, 2020798136963436545, 5000.00, 1, 'mock_pay', 'MOCK_1770688809312', '2026-02-09 23:54:20', '2026-02-10 10:00:09', 2020884645016145921, 2012451295549087746);
INSERT INTO `sys_amount_order` VALUES (2021044425168920579, '2021044425168920578', 0, 2020884645016145921, 2020798136963436545, 50.00, 1, 'mock_pay', 'MOCK_1770689517686', '2026-02-10 10:11:54', '2026-02-10 10:11:58', 2020884645016145921, 2012451295549087746);
INSERT INTO `sys_amount_order` VALUES (2021048565546807298, '2021048565530030081', 0, 2020884645016145921, 2020798136963436545, 50.00, 1, 'mock_pay', 'MOCK_1770690504419', '2026-02-10 10:28:21', '2026-02-10 10:28:24', 2020884645016145921, 2012451295549087746);
INSERT INTO `sys_amount_order` VALUES (2021050316849037313, '2021050316786122754', 0, 2020884645016145921, 2020798136963436545, 50.00, 1, 'mock_pay', 'MOCK_1770690921464', '2026-02-10 10:35:19', '2026-02-10 10:35:21', 2020884645016145921, 2012451295549087746);
INSERT INTO `sys_amount_order` VALUES (2021054010063839234, '2021054010063839233', 0, 1991058483334778881, 2020798136963436545, 4850.00, 1, 'mock_pay', 'MOCK_1770694484787', '2026-02-10 10:50:00', '2026-02-10 11:34:45', 1991058483334778881, 2012451295549087746);
INSERT INTO `sys_amount_order` VALUES (2021056526700711938, '2021056526700711937', 0, 1991058483334778881, 2020798136963436545, 4850.00, 1, 'mock_pay', 'MOCK_1770694395642', '2026-02-10 11:00:00', '2026-02-10 11:33:16', 1991058483334778881, 2012451295549087746);
INSERT INTO `sys_amount_order` VALUES (2021056785610874881, '2021056785581514754', 1, 2020798136963436545, 2020884645016145921, 50.00, 1, 'mock_pay', 'MOCK_1770694314500', '2026-02-10 11:01:01', '2026-02-10 11:31:55', 2020884645016145921, 2012451295549087746);
INSERT INTO `sys_amount_order` VALUES (2021059043245334530, '2021059043245334529', 0, 1991058483334778881, 2020798136963436545, 4850.00, 1, 'mock_pay', 'MOCK_1770695078234', '2026-02-10 11:10:00', '2026-02-10 11:44:38', 1991058483334778881, 2012451295549087746);
INSERT INTO `sys_amount_order` VALUES (2021061559920054273, '2021061559899082754', 0, 1991058483334778881, 2020798136963436545, 4850.00, 1, 'mock_pay', 'MOCK_1770695076754', '2026-02-10 11:20:00', '2026-02-10 11:44:37', 1991058483334778881, 2012451295549087746);
INSERT INTO `sys_amount_order` VALUES (2021064076376604674, '2021064076376604673', 0, 1991058483334778881, 2020798136963436545, 4850.00, 1, 'mock_pay', 'MOCK_1770695075412', '2026-02-10 11:30:00', '2026-02-10 11:44:35', 1991058483334778881, 2012451295549087746);
INSERT INTO `sys_amount_order` VALUES (2021069109642059778, '2021069109642059777', 0, 1991058483334778881, 2020798136963436545, 39950.00, 0, '0', '', '2026-02-10 11:50:00', '2026-02-10 11:50:00', 1991058483334778881, 2012451295549087746);
INSERT INTO `sys_amount_order` VALUES (2021069109939855363, '2021069109939855362', 0, 1991058483334778881, 2020798136963436545, 45250.00, 0, '0', '', '2026-02-10 11:50:00', '2026-02-10 11:50:00', 1991058483334778881, 2012451295549087746);
INSERT INTO `sys_amount_order` VALUES (2021071626123796481, '2021071626056687617', 0, 1991058483334778881, 2020798136963436545, 39950.00, 0, '0', '', '2026-02-10 12:00:00', '2026-02-10 12:00:00', 1991058483334778881, 2012451295549087746);
INSERT INTO `sys_amount_order` VALUES (2021071626316734467, '2021071626316734466', 0, 1991058483334778881, 2020798136963436545, 45250.00, 0, '0', '', '2026-02-10 12:00:00', '2026-02-10 12:00:00', 1991058483334778881, 2012451295549087746);
INSERT INTO `sys_amount_order` VALUES (2021074142718779393, '2021074142655864834', 0, 1991058483334778881, 2020798136963436545, 39950.00, 0, '0', '', '2026-02-10 12:10:00', '2026-02-10 12:10:00', 1991058483334778881, 2012451295549087746);
INSERT INTO `sys_amount_order` VALUES (2021074143050129410, '2021074143050129409', 0, 1991058483334778881, 2020798136963436545, 45250.00, 0, '0', '', '2026-02-10 12:10:00', '2026-02-10 12:10:00', 1991058483334778881, 2012451295549087746);
INSERT INTO `sys_amount_order` VALUES (2021076659284402178, '2021076659221487617', 0, 1991058483334778881, 2020798136963436545, 39950.00, 0, '0', '', '2026-02-10 12:20:00', '2026-02-10 12:20:00', 1991058483334778881, 2012451295549087746);
INSERT INTO `sys_amount_order` VALUES (2021076659615752195, '2021076659615752194', 0, 1991058483334778881, 2020798136963436545, 45250.00, 0, '0', '', '2026-02-10 12:20:00', '2026-02-10 12:20:00', 1991058483334778881, 2012451295549087746);
INSERT INTO `sys_amount_order` VALUES (2021079175824859138, '2021079175824859137', 0, 1991058483334778881, 2020798136963436545, 39950.00, 0, '0', '', '2026-02-10 12:30:00', '2026-02-10 12:30:00', 1991058483334778881, 2012451295549087746);
INSERT INTO `sys_amount_order` VALUES (2021079175959076866, '2021079175959076865', 0, 1991058483334778881, 2020798136963436545, 45250.00, 0, '0', '', '2026-02-10 12:30:00', '2026-02-10 12:30:00', 1991058483334778881, 2012451295549087746);
INSERT INTO `sys_amount_order` VALUES (2021081692394676227, '2021081692394676226', 0, 1991058483334778881, 2020798136963436545, 39950.00, 0, '0', '', '2026-02-10 12:40:00', '2026-02-10 12:40:00', 1991058483334778881, 2012451295549087746);
INSERT INTO `sys_amount_order` VALUES (2021081692461785091, '2021081692461785090', 0, 1991058483334778881, 2020798136963436545, 45250.00, 0, '0', '', '2026-02-10 12:40:00', '2026-02-10 12:40:00', 1991058483334778881, 2012451295549087746);
INSERT INTO `sys_amount_order` VALUES (2021084208993853442, '2021084208993853441', 0, 1991058483334778881, 2020798136963436545, 39950.00, 0, '0', '', '2026-02-10 12:50:00', '2026-02-10 12:50:00', 1991058483334778881, 2012451295549087746);
INSERT INTO `sys_amount_order` VALUES (2021084209128071170, '2021084209128071169', 0, 1991058483334778881, 2020798136963436545, 45250.00, 0, '0', '', '2026-02-10 12:50:00', '2026-02-10 12:50:00', 1991058483334778881, 2012451295549087746);
INSERT INTO `sys_amount_order` VALUES (2021086725572059139, '2021086725572059138', 0, 1991058483334778881, 2020798136963436545, 39950.00, 0, '0', '', '2026-02-10 13:00:00', '2026-02-10 13:00:00', 1991058483334778881, 2012451295549087746);
INSERT INTO `sys_amount_order` VALUES (2021086725634973699, '2021086725634973698', 0, 1991058483334778881, 2020798136963436545, 45250.00, 0, '0', '', '2026-02-10 13:00:00', '2026-02-10 13:00:00', 1991058483334778881, 2012451295549087746);
INSERT INTO `sys_amount_order` VALUES (2021089242158653442, '2021089242158653441', 0, 1991058483334778881, 2020798136963436545, 39950.00, 0, '0', '', '2026-02-10 13:10:00', '2026-02-10 13:10:00', 1991058483334778881, 2012451295549087746);
INSERT INTO `sys_amount_order` VALUES (2021089242221568002, '2021089242221568001', 0, 1991058483334778881, 2020798136963436545, 45250.00, 0, '0', '', '2026-02-10 13:10:00', '2026-02-10 13:10:00', 1991058483334778881, 2012451295549087746);
INSERT INTO `sys_amount_order` VALUES (2021091758720081923, '2021091758720081922', 0, 1991058483334778881, 2020798136963436545, 39950.00, 0, '0', '', '2026-02-10 13:20:00', '2026-02-10 13:20:00', 1991058483334778881, 2012451295549087746);
INSERT INTO `sys_amount_order` VALUES (2021091758850105346, '2021091758850105345', 0, 1991058483334778881, 2020798136963436545, 45250.00, 0, '0', '', '2026-02-10 13:20:00', '2026-02-10 13:20:00', 1991058483334778881, 2012451295549087746);
INSERT INTO `sys_amount_order` VALUES (2021094275323453443, '2021094275323453442', 0, 1991058483334778881, 2020798136963436545, 39950.00, 0, '0', '', '2026-02-10 13:30:00', '2026-02-10 13:30:00', 1991058483334778881, 2012451295549087746);
INSERT INTO `sys_amount_order` VALUES (2021094275784826883, '2021094275784826882', 0, 1991058483334778881, 2020798136963436545, 45250.00, 0, '0', '', '2026-02-10 13:30:00', '2026-02-10 13:30:00', 1991058483334778881, 2012451295549087746);
INSERT INTO `sys_amount_order` VALUES (2021096791905853442, '2021096791905853441', 0, 1991058483334778881, 2020798136963436545, 39950.00, 0, '0', '', '2026-02-10 13:40:00', '2026-02-10 13:40:00', 1991058483334778881, 2012451295549087746);
INSERT INTO `sys_amount_order` VALUES (2021096792165900291, '2021096792165900290', 0, 1991058483334778881, 2020798136963436545, 45250.00, 1, 'mock_pay', 'MOCK_1770704900755', '2026-02-10 13:40:00', '2026-02-10 14:28:21', 1991058483334778881, 2012451295549087746);
INSERT INTO `sys_amount_order` VALUES (2021099308509224962, '2021099308509224961', 0, 1991058483334778881, 2020798136963436545, 39950.00, 0, '0', '', '2026-02-10 13:50:00', '2026-02-10 13:50:00', 1991058483334778881, 2012451295549087746);
INSERT INTO `sys_amount_order` VALUES (2021099308576333827, '2021099308576333826', 0, 1991058483334778881, 2020798136963436545, 45250.00, 1, '0', '2026021022001429590507701646', '2026-02-10 13:50:00', '2026-02-10 16:56:55', 1991058483334778881, 2012451295549087746);
INSERT INTO `sys_amount_order` VALUES (2021101825188085763, '2021101825188085762', 0, 1991058483334778881, 2020798136963436545, 39950.00, 1, '0', '2026021022001429590507699831', '2026-02-10 14:00:00', '2026-02-10 16:56:07', 1991058483334778881, 2012451295549087746);
INSERT INTO `sys_amount_order` VALUES (2021101825376829443, '2021101825376829442', 0, 1991058483334778881, 2020798136963436545, 45250.00, 1, 'mock_pay', 'MOCK_1770713770960', '2026-02-10 14:00:00', '2026-02-10 16:56:11', 1991058483334778881, 2012451295549087746);
INSERT INTO `sys_amount_order` VALUES (2021121693786468354, '1', 2, 2020702096289656834, 1991058483334778881, 150.00, 1, 'mock_pay', 'MOCK_1770707973317', '2026-02-10 15:18:57', '2026-02-10 15:19:33', 2020702096289656834, 2012451295549087746);
INSERT INTO `sys_amount_order` VALUES (2021126097755369473, '1', 3, 1991058483334778881, 2020702096289656834, 150.00, 1, 'mock_pay', 'MOCK_1770713377595', '2026-02-10 15:36:27', '2026-02-10 16:49:38', 2020702096289656834, 2012451295549087746);
INSERT INTO `sys_amount_order` VALUES (2021126211404230657, '2', 3, 1991058483334778881, 2020702096289656834, 150.00, 1, 'mock_pay', 'MOCK_1770712998665', '2026-02-10 15:36:54', '2026-02-10 16:43:19', 2020702096289656834, 2012451295549087746);
INSERT INTO `sys_amount_order` VALUES (2021129604562632705, '2', 2, 2020702096289656834, 1991058483334778881, 100.00, 1, 'mock_pay', 'MOCK_1770710462723', '2026-02-10 15:50:23', '2026-02-10 16:01:03', 2020702096289656834, 2012451295549087746);
INSERT INTO `sys_amount_order` VALUES (2021137110298939394, '2021137110298939393', 0, 2020884645016145921, 2020798136963436545, 1290.00, 1, 'mock_pay', 'MOCK_1770711650645', '2026-02-10 16:20:12', '2026-02-10 16:20:51', 2020884645016145921, 2012451295549087746);

-- ----------------------------
-- Table structure for sys_inventory
-- ----------------------------
DROP TABLE IF EXISTS `sys_inventory`;
CREATE TABLE `sys_inventory`  (
  `id` bigint(20) NOT NULL AUTO_INCREMENT COMMENT '库存ID',
  `productId` bigint(20) NOT NULL COMMENT '商品ID',
  `productName` varchar(128) CHARACTER SET utf8mb4 COLLATE utf8mb4_0900_ai_ci NOT NULL COMMENT '商品名称',
  `productDescription` varchar(200) CHARACTER SET utf8mb4 COLLATE utf8mb4_0900_ai_ci NULL DEFAULT NULL COMMENT '商品描述',
  `productUrl` varchar(512) CHARACTER SET utf8mb4 COLLATE utf8mb4_0900_ai_ci NULL DEFAULT NULL COMMENT '商品图片',
  `productPrice` decimal(10, 2) NOT NULL COMMENT '出售单价',
  `storeId` bigint(20) NOT NULL COMMENT '门店ID',
  `warningThreshold` int(11) NOT NULL DEFAULT 10 COMMENT '预警阈值',
  `warehouseId` bigint(20) NOT NULL COMMENT '仓库ID',
  `createBy` bigint(20) NULL DEFAULT NULL COMMENT '创建人ID',
  `createTime` datetime NOT NULL DEFAULT CURRENT_TIMESTAMP COMMENT '创建时间',
  `updateTime` datetime NOT NULL DEFAULT CURRENT_TIMESTAMP ON UPDATE CURRENT_TIMESTAMP COMMENT '更新时间',
  PRIMARY KEY (`id`) USING BTREE
) ENGINE = InnoDB AUTO_INCREMENT = 2021138636170018819 CHARACTER SET = utf8mb4 COLLATE = utf8mb4_0900_ai_ci COMMENT = '库存表' ROW_FORMAT = Dynamic;

-- ----------------------------
-- Records of sys_inventory
-- ----------------------------
INSERT INTO `sys_inventory` VALUES (2021043728415334401, 2020798723117420545, '邱肉瑶同款马甲，低价出', '', 'https://img.alicdn.com/bao/uploaded/i4/O1CN01shpoEh1UZFThg8tI0_!!4611686018427382259-0-fleamarket.jpg_790x10000Q90.jpg_.webp', 100.00, 2012451295549087746, 250, 2020769020683960322, 2020884645016145921, '2026-02-10 10:09:08', '2026-02-10 10:09:08');
INSERT INTO `sys_inventory` VALUES (2021065376493355009, 2020798723117420545, '邱肉瑶同款马甲，低价出', '', 'https://img.alicdn.com/bao/uploaded/i4/O1CN01shpoEh1UZFThg8tI0_!!4611686018427382259-0-fleamarket.jpg_790x10000Q90.jpg_.webp', 50.00, 2012451295549087746, 50, 2021065191566491650, 2020884645016145921, '2026-02-10 11:35:10', '2026-02-10 11:35:10');
INSERT INTO `sys_inventory` VALUES (2021138636170018817, 2021137011959287810, '双面卸扣托车臂，拖车环，方口通用拖车臂', '双面卸扣托车臂，拖车环，方口通用拖车臂。\n\n适配国标方口通用。拉力大，不生锈。\n\n每款价格不同，直接拍下不发货。', 'https://img.alicdn.com/bao/uploaded/i3/O1CN01ZRPuye1SaVHpWhz45_!!53-fleamarket.heic_790x10000Q90.jpg_.webp', 129.00, 2012451295549087746, 1, 2020769020683960322, 2020884645016145921, '2026-02-10 16:26:16', '2026-02-10 16:26:16');
INSERT INTO `sys_inventory` VALUES (2021138636170018818, 2021137011959287810, '双面卸扣托车臂，拖车环，方口通用拖车臂', '双面卸扣托车臂，拖车环，方口通用拖车臂。\n\n适配国标方口通用。拉力大，不生锈。\n\n每款价格不同，直接拍下不发货。', 'https://img.alicdn.com/bao/uploaded/i3/O1CN01ZRPuye1SaVHpWhz45_!!53-fleamarket.heic_790x10000Q90.jpg_.webp', 129.00, 2012451295549087746, 6, 2021065191566491650, 2020884645016145921, '2026-02-10 16:26:16', '2026-02-10 16:26:16');

-- ----------------------------
-- Table structure for sys_inventory_detail
-- ----------------------------
DROP TABLE IF EXISTS `sys_inventory_detail`;
CREATE TABLE `sys_inventory_detail`  (
  `productId` bigint(20) NOT NULL COMMENT '商品ID',
  `orderId` bigint(20) NOT NULL COMMENT '订单Id',
  `type` tinyint(4) NOT NULL DEFAULT 0 COMMENT '类型（0-出库，1-入库）',
  `orderType` tinyint(4) NOT NULL DEFAULT 0 COMMENT '类型（0-采购，1-采退，2-销售，3-销退）',
  `warehouseId` bigint(20) NOT NULL COMMENT '仓库ID',
  `productQuantity` int(11) NOT NULL COMMENT '入库或出库数量',
  `createBy` bigint(20) NULL DEFAULT NULL COMMENT '创建人ID',
  `createTime` datetime NOT NULL DEFAULT CURRENT_TIMESTAMP COMMENT '创建时间',
  `updateTime` datetime NOT NULL DEFAULT CURRENT_TIMESTAMP ON UPDATE CURRENT_TIMESTAMP COMMENT '更新时间',
  INDEX `idx_orderId_productId`(`productId` ASC, `orderId` ASC) USING BTREE,
  INDEX `idx_product_warehouse`(`productId` ASC, `warehouseId` ASC) USING BTREE
) ENGINE = InnoDB CHARACTER SET = utf8mb4 COLLATE = utf8mb4_0900_ai_ci COMMENT = '库存变化记录表' ROW_FORMAT = Dynamic;

-- ----------------------------
-- Records of sys_inventory_detail
-- ----------------------------
INSERT INTO `sys_inventory_detail` VALUES (2020798723117420545, 2020889007675367425, 1, 0, 2020769020683960322, 100, 2020884645016145921, '2026-02-10 10:09:08', '2026-02-10 10:09:08');
INSERT INTO `sys_inventory_detail` VALUES (2020798723117420545, 2021044425168920578, 1, 0, 2020769020683960322, 1, 2020884645016145921, '2026-02-10 10:12:08', '2026-02-10 10:12:08');
INSERT INTO `sys_inventory_detail` VALUES (2020798723117420545, 2021048565530030081, 1, 0, 2020769020683960322, 1, 2020884645016145921, '2026-02-10 10:28:34', '2026-02-10 10:28:34');
INSERT INTO `sys_inventory_detail` VALUES (2020798723117420545, 2021050316786122754, 1, 0, 2020769020683960322, 1, 2020884645016145921, '2026-02-10 10:35:36', '2026-02-10 10:35:36');
INSERT INTO `sys_inventory_detail` VALUES (2020798723117420545, 2021056785581514754, 0, 1, 2020769020683960322, 1, 2020798136963436545, '2026-02-10 11:31:56', '2026-02-10 11:31:56');
INSERT INTO `sys_inventory_detail` VALUES (2020798723117420545, 2021056526700711937, 1, 0, 2020769020683960322, 97, 2020884645016145921, '2026-02-10 11:33:47', '2026-02-10 11:33:47');
INSERT INTO `sys_inventory_detail` VALUES (2020798723117420545, 2021054010063839233, 1, 0, 2020769020683960322, 2, 2020884645016145921, '2026-02-10 11:35:09', '2026-02-10 11:35:09');
INSERT INTO `sys_inventory_detail` VALUES (2020798723117420545, 2021054010063839233, 1, 0, 2021065191566491650, 95, 2020884645016145921, '2026-02-10 11:35:09', '2026-02-10 11:35:09');
INSERT INTO `sys_inventory_detail` VALUES (2020798723117420545, 2021059043245334529, 1, 0, 2020769020683960322, 80, 2020884645016145921, '2026-02-10 14:47:22', '2026-02-10 14:47:22');
INSERT INTO `sys_inventory_detail` VALUES (2020798723117420545, 2021059043245334529, 1, 0, 2021065191566491650, 17, 2020884645016145921, '2026-02-10 14:47:22', '2026-02-10 14:47:22');
INSERT INTO `sys_inventory_detail` VALUES (2020798723117420545, 1, 0, 2, 2021065191566491650, 3, 2020884645016145921, '2026-02-10 15:19:49', '2026-02-10 15:19:49');
INSERT INTO `sys_inventory_detail` VALUES (2020798723117420545, 1, 0, 3, 2021065191566491650, 3, 2020884645016145921, '2026-02-10 15:41:47', '2026-02-10 15:41:47');
INSERT INTO `sys_inventory_detail` VALUES (2020798723117420545, 2, 0, 3, 2021065191566491650, 3, 2020884645016145921, '2026-02-10 15:50:04', '2026-02-10 15:50:04');
INSERT INTO `sys_inventory_detail` VALUES (2020798723117420545, 2, 0, 2, 2020769020683960322, 1, 2020884645016145921, '2026-02-10 16:01:06', '2026-02-10 16:01:06');
INSERT INTO `sys_inventory_detail` VALUES (2021137011959287810, 2021137110298939393, 1, 0, 2020769020683960322, 5, 2020884645016145921, '2026-02-10 16:26:16', '2026-02-10 16:26:16');
INSERT INTO `sys_inventory_detail` VALUES (2021137011959287810, 2021137110298939393, 1, 0, 2021065191566491650, 5, 2020884645016145921, '2026-02-10 16:26:16', '2026-02-10 16:26:16');
INSERT INTO `sys_inventory_detail` VALUES (2021137011959287810, 2020450466, 0, 4, 2020769020683960322, 1, 1991058483334778881, '2026-02-10 16:30:00', '2026-02-10 16:30:00');
INSERT INTO `sys_inventory_detail` VALUES (2021137011959287810, 2020450466, 1, 5, 2021065191566491650, 1, 1991058483334778881, '2026-02-10 16:30:00', '2026-02-10 16:30:00');

-- ----------------------------
-- Table structure for sys_operation_log
-- ----------------------------
DROP TABLE IF EXISTS `sys_operation_log`;
CREATE TABLE `sys_operation_log`  (
  `id` bigint(20) NOT NULL AUTO_INCREMENT COMMENT '日志唯一标识',
  `operationTime` datetime NOT NULL COMMENT '操作执行时间',
  `operatorId` bigint(20) NOT NULL COMMENT '操作人ID',
  `operatorIp` varchar(64) CHARACTER SET utf8mb4 COLLATE utf8mb4_0900_ai_ci NOT NULL COMMENT '操作人IP地址（支持IPv4/IPv6）',
  `operatorDevice` varchar(255) CHARACTER SET utf8mb4 COLLATE utf8mb4_0900_ai_ci NULL DEFAULT '' COMMENT '操作设备/浏览器信息',
  `systemModule` varchar(64) CHARACTER SET utf8mb4 COLLATE utf8mb4_0900_ai_ci NOT NULL COMMENT '操作所属系统模块（如用户管理、订单审核）',
  `operationContent` text CHARACTER SET utf8mb4 COLLATE utf8mb4_0900_ai_ci NULL COMMENT '操作详细内容（JSON格式，记录修改前后数据）',
  `operationResult` varchar(16) CHARACTER SET utf8mb4 COLLATE utf8mb4_0900_ai_ci NOT NULL COMMENT '操作结果（SUCCESS-成功/FAIL-失败/PARTIAL-部分成功）',
  `errorMsg` text CHARACTER SET utf8mb4 COLLATE utf8mb4_0900_ai_ci NULL COMMENT '错误信息（操作失败时记录）',
  PRIMARY KEY (`id`) USING BTREE,
  INDEX `idx_operator_id`(`operatorId` ASC) USING BTREE
) ENGINE = InnoDB AUTO_INCREMENT = 2021063436296454147 CHARACTER SET = utf8mb4 COLLATE = utf8mb4_0900_ai_ci COMMENT = '系统操作日志表' ROW_FORMAT = Dynamic;

-- ----------------------------
-- Records of sys_operation_log
-- ----------------------------
INSERT INTO `sys_operation_log` VALUES (2020692337377353729, '2026-02-09 10:52:51', 2018357787859034114, '127.0.0.1', 'PC/Windows/Google Chrome', 'ROLE_MODULE:PUT:/role/:id/permission', '方法入参:[2018357649161789442, RoleAddPermissionDTO(permissionIds=[2018369661275131906, 2018369661392572418]), org.springframework.session.web.http.SessionRepositoryFilter$SessionRepositoryRequestWrapper@52cfe17d]', 'SUCCESS', NULL);
INSERT INTO `sys_operation_log` VALUES (2020692353642864642, '2026-02-09 10:52:54', 2018357787859034114, '127.0.0.1', 'PC/Windows/Google Chrome', 'ROLE_MODULE:POST:/role/:id/assign-pages', '方法入参:[2018357649161789442, RolePageAssignDTO(pageIds=[2018369660918616066, 2018369660855701505, 2018369660796981250, 2018369660645986305]), org.springframework.session.web.http.SessionRepositoryFilter$SessionRepositoryRequestWrapper@42c103c2]', 'SUCCESS', NULL);
INSERT INTO `sys_operation_log` VALUES (2020692471288897537, '2026-02-09 10:53:22', 2018357787859034114, '127.0.0.1', 'PC/Windows/Google Chrome', 'ROLE_MODULE:POST:/role/:id/assign-pages', '方法入参:[2018357649279229954, RolePageAssignDTO(pageIds=[2018369660645986305, 2018369660796981250, 2018369660855701505]), org.springframework.session.web.http.SessionRepositoryFilter$SessionRepositoryRequestWrapper@1590c168]', 'SUCCESS', NULL);
INSERT INTO `sys_operation_log` VALUES (2020692738965184513, '2026-02-09 10:54:26', 2018357787859034114, '127.0.0.1', 'PC/Windows/Google Chrome', 'ROLE_MODULE:PUT:/role/:id/permission', '方法入参:[2018357649279229954, RoleAddPermissionDTO(permissionIds=[2018369661392572418]), org.springframework.session.web.http.SessionRepositoryFilter$SessionRepositoryRequestWrapper@5040c171]', 'SUCCESS', NULL);
INSERT INTO `sys_operation_log` VALUES (2020692782313316353, '2026-02-09 10:54:37', 2018357787859034114, '127.0.0.1', 'PC/Windows/Google Chrome', 'ROLE_MODULE:PUT:/role/:id/permission', '方法入参:[2018357649346338818, RoleAddPermissionDTO(permissionIds=[2018369661392572418, 2018369661275131906]), org.springframework.session.web.http.SessionRepositoryFilter$SessionRepositoryRequestWrapper@14b7261e]', 'SUCCESS', NULL);
INSERT INTO `sys_operation_log` VALUES (2020696523716390914, '2026-02-09 11:09:29', 2018357787859034114, '127.0.0.1', 'PC/Windows/Google Chrome', 'ROLE_MODULE:PUT:/role/:id/permission', '方法入参:[2018357649279229954, RoleAddPermissionDTO(permissionIds=[]), org.springframework.session.web.http.SessionRepositoryFilter$SessionRepositoryRequestWrapper@5f6ec952]', 'SUCCESS', NULL);
INSERT INTO `sys_operation_log` VALUES (2020696540791402498, '2026-02-09 11:09:33', 2018357787859034114, '127.0.0.1', 'PC/Windows/Google Chrome', 'ROLE_MODULE:PUT:/role/:id/permission', '方法入参:[2018357649346338818, RoleAddPermissionDTO(permissionIds=[]), org.springframework.session.web.http.SessionRepositoryFilter$SessionRepositoryRequestWrapper@625cd0ec]', 'SUCCESS', NULL);
INSERT INTO `sys_operation_log` VALUES (2020696550522187777, '2026-02-09 11:09:35', 2018357787859034114, '127.0.0.1', 'PC/Windows/Google Chrome', 'ROLE_MODULE:POST:/role/:id/assign-pages', '方法入参:[2018357649279229954, RolePageAssignDTO(pageIds=[]), org.springframework.session.web.http.SessionRepositoryFilter$SessionRepositoryRequestWrapper@54296bc9]', 'SUCCESS', NULL);
INSERT INTO `sys_operation_log` VALUES (2020696590040920065, '2026-02-09 11:09:44', 2018357787859034114, '127.0.0.1', 'PC/Windows/Google Chrome', 'PERMISSION_MODULE:PUT:/permission/:id', '方法入参:[2018369661275131906, PermissionUpdateDTO(name=角色管理, description=角色管理1)]', 'SUCCESS', NULL);
INSERT INTO `sys_operation_log` VALUES (2020696600073695233, '2026-02-09 11:09:47', 2018357787859034114, '127.0.0.1', 'PC/Windows/Google Chrome', 'PERMISSION_MODULE:PUT:/permission/:id', '方法入参:[2018369661275131906, PermissionUpdateDTO(name=角色管理, description=角色管理)]', 'SUCCESS', NULL);
INSERT INTO `sys_operation_log` VALUES (2020696625818333185, '2026-02-09 11:09:53', 2018357787859034114, '127.0.0.1', 'PC/Windows/Google Chrome', 'PAGE_MODULE:POST:/page/:id/permission/:id', '方法入参:[2018369660645986305, 2018369661275131906, org.springframework.session.web.http.SessionRepositoryFilter$SessionRepositoryRequestWrapper@41df1beb]', 'SUCCESS', NULL);
INSERT INTO `sys_operation_log` VALUES (2020696651349061634, '2026-02-09 11:09:59', 2018357787859034114, '127.0.0.1', 'PC/Windows/Google Chrome', 'PAGE_MODULE:PUT:/page/:id/permission', '方法入参:[2018369660645986305, PageEditPermissionDTO(permissionIds=[]), org.springframework.session.web.http.SessionRepositoryFilter$SessionRepositoryRequestWrapper@681175a7]', 'SUCCESS', NULL);
INSERT INTO `sys_operation_log` VALUES (2020696725298835458, '2026-02-09 11:10:17', 2018357787859034114, '127.0.0.1', 'PC/Windows/Google Chrome', 'PAGE_MODULE:POST:/page/:id/permission/:id', '方法入参:[2018369660796981250, 2018369661275131906, org.springframework.session.web.http.SessionRepositoryFilter$SessionRepositoryRequestWrapper@b7ae505]', 'SUCCESS', NULL);
INSERT INTO `sys_operation_log` VALUES (2020696728922714113, '2026-02-09 11:10:18', 2018357787859034114, '127.0.0.1', 'PC/Windows/Google Chrome', 'PAGE_MODULE:POST:/page/:id/permission/:id', '方法入参:[2018369660796981250, 2018369661275131906, org.springframework.session.web.http.SessionRepositoryFilter$SessionRepositoryRequestWrapper@4a235a01]', 'FAILURE', '该页面已关联此权限');
INSERT INTO `sys_operation_log` VALUES (2020696736036253697, '2026-02-09 11:10:19', 2018357787859034114, '127.0.0.1', 'PC/Windows/Google Chrome', 'PAGE_MODULE:POST:/page/:id/permission/:id', '方法入参:[2018369660796981250, 2018369661392572418, org.springframework.session.web.http.SessionRepositoryFilter$SessionRepositoryRequestWrapper@5cc2759]', 'SUCCESS', NULL);
INSERT INTO `sys_operation_log` VALUES (2020696744852680706, '2026-02-09 11:10:21', 2018357787859034114, '127.0.0.1', 'PC/Windows/Google Chrome', 'PAGE_MODULE:POST:/page/:id/permission/:id', '方法入参:[2018369660796981250, 2018369661275131906, org.springframework.session.web.http.SessionRepositoryFilter$SessionRepositoryRequestWrapper@2af52ff8]', 'FAILURE', '该页面已关联此权限');
INSERT INTO `sys_operation_log` VALUES (2020696752356290561, '2026-02-09 11:10:23', 2018357787859034114, '127.0.0.1', 'PC/Windows/Google Chrome', 'PAGE_MODULE:PUT:/page/:id/permission', '方法入参:[2018369660796981250, PageEditPermissionDTO(permissionIds=[]), org.springframework.session.web.http.SessionRepositoryFilter$SessionRepositoryRequestWrapper@37a6d5e6]', 'SUCCESS', NULL);
INSERT INTO `sys_operation_log` VALUES (2020696848527486978, '2026-02-09 11:10:46', 2018357787859034114, '127.0.0.1', 'PC/Windows/Google Chrome', 'PERMISSION_MODULE:PUT:/permission/:id', '方法入参:[2018369661275131906, PermissionUpdateDTO(name=角色管理, description=角色管理1)]', 'SUCCESS', NULL);
INSERT INTO `sys_operation_log` VALUES (2020696858790948865, '2026-02-09 11:10:49', 2018357787859034114, '127.0.0.1', 'PC/Windows/Google Chrome', 'PERMISSION_MODULE:PUT:/permission/:id', '方法入参:[2018369661275131906, PermissionUpdateDTO(name=角色管理, description=角色管理)]', 'SUCCESS', NULL);
INSERT INTO `sys_operation_log` VALUES (2020696918358454274, '2026-02-09 11:11:03', 2018357787859034114, '127.0.0.1', 'PC/Windows/Google Chrome', 'ROLE_MODULE:PUT:/role/:id', '方法入参:[2018357649161789442, RoleUpdateDTO(roleName=超级管理员, description=超级管理员1)]', 'SUCCESS', NULL);
INSERT INTO `sys_operation_log` VALUES (2020696928932294658, '2026-02-09 11:11:05', 2018357787859034114, '127.0.0.1', 'PC/Windows/Google Chrome', 'ROLE_MODULE:PUT:/role/:id', '方法入参:[2018357649161789442, RoleUpdateDTO(roleName=超级管理员, description=超级管理员)]', 'SUCCESS', NULL);
INSERT INTO `sys_operation_log` VALUES (2020697000185131010, '2026-02-09 11:11:22', 2018357787859034114, '127.0.0.1', 'PC/Windows/Google Chrome', 'USER_MODULE:PUT:/user/:id', '方法入参:[2018357787859034114, UserUpdateDTO(userName=刘德华, phone=18888888888, status=1, roleIds=[2018357649161789442]), org.springframework.session.web.http.SessionRepositoryFilter$SessionRepositoryRequestWrapper@1997ce22]', 'SUCCESS', NULL);
INSERT INTO `sys_operation_log` VALUES (2020697077456793602, '2026-02-09 11:11:41', 2018357787859034114, '127.0.0.1', 'PC/Windows/Google Chrome', 'USER_MODULE:POST:/user/batch-status', '方法入参:[BatchStatusDTO(ids=[2018357787859034114], status=0)]', 'SUCCESS', NULL);
INSERT INTO `sys_operation_log` VALUES (2020702096755224577, '2026-02-09 11:31:37', 2018357787859034114, '127.0.0.1', 'PC/Windows/Google Chrome', 'USER_MODULE:POST:/user', '方法入参:[UserCreateDTO(userAccount=test, userPassword=a123456, email=test@qq.com, userName=张三, phone=1588569362, status=1)]', 'SUCCESS', NULL);
INSERT INTO `sys_operation_log` VALUES (2020702096948162562, '2026-02-09 11:31:37', 2018357787859034114, '127.0.0.1', 'PC/Windows/Google Chrome', 'USER_MODULE:PUT:/user/:id', '方法入参:[2020702096289656834, UserUpdateDTO(userName=张三, phone=1588569362, status=1, roleIds=[2018357649346338818]), org.springframework.session.web.http.SessionRepositoryFilter$SessionRepositoryRequestWrapper@65d327bf]', 'SUCCESS', NULL);
INSERT INTO `sys_operation_log` VALUES (2020718315344375810, '2026-02-09 12:36:04', 2018357787859034114, '127.0.0.1', 'PC/Windows/Google Chrome', 'PERMISSION_MODULE:DELETE:/permission/:id', '方法入参:[2018369661275131906]', 'SUCCESS', NULL);
INSERT INTO `sys_operation_log` VALUES (2020718321124126722, '2026-02-09 12:36:06', 2018357787859034114, '127.0.0.1', 'PC/Windows/Google Chrome', 'PERMISSION_MODULE:DELETE:/permission/:id', '方法入参:[2018369661392572418]', 'SUCCESS', NULL);
INSERT INTO `sys_operation_log` VALUES (2020718404985040898, '2026-02-09 12:36:26', 2018357787859034114, '127.0.0.1', 'PC/Windows/Google Chrome', 'ROLE_MODULE:POST:/role/:id/assign-pages', '方法入参:[2018357649161789442, RolePageAssignDTO(pageIds=[2018369660645986305, 2018369660796981250, 2018369660855701505, 2018369660918616066, 2020703405189304321, 2020706834234114049, 2020706834703876098, 2020706834703876099, 2020706834766790657]), org.springframework.session.web.http.SessionRepositoryFilter$SessionRepositoryRequestWrapper@3fb7e56c]', 'SUCCESS', NULL);
INSERT INTO `sys_operation_log` VALUES (2020794119227064322, '2026-02-09 17:37:17', 2018357787859034114, '127.0.0.1', 'PC/Windows/Google Chrome', 'ROLE_MODULE:POST:/role/:id/assign-pages', '方法入参:[2018357649161789442, RolePageAssignDTO(pageIds=[2020736052187824130, 2020736052305264642, 2020736052368179202, 2020736052435288066, 2020736052506591234, 2020736052569505794, 2020736052636614658, 2020736052699529217, 2020736052770832386, 2020736052837941249, 2020736052905050114, 2020736052972158977, 2020736053035073537, 2020736053102182402, 2020736053169291265, 2020736053236400129, 2020736053299314690, 2020736053366423554, 2020736053366423555, 2020736053366423556, 2020736053366423558, 2020736053366423557]), org.springframework.session.web.http.SessionRepositoryFilter$SessionRepositoryRequestWrapper@a5d67b2]', 'SUCCESS', NULL);
INSERT INTO `sys_operation_log` VALUES (2020798137118625794, '2026-02-09 17:53:15', 2018357787859034114, '127.0.0.1', 'PC/Windows/Google Chrome', 'USER_MODULE:POST:/user', '方法入参:[UserCreateDTO(userAccount=gys_test, userPassword=a123456, email=gys_test@qq.com, userName=李四, phone=16666666666, status=1)]', 'SUCCESS', NULL);
INSERT INTO `sys_operation_log` VALUES (2020798137454170113, '2026-02-09 17:53:15', 2018357787859034114, '127.0.0.1', 'PC/Windows/Google Chrome', 'USER_MODULE:PUT:/user/:id', '方法入参:[2020798136963436545, UserUpdateDTO(userName=李四, phone=16666666666, status=1, roleIds=[2018357649279229954]), org.springframework.session.web.http.SessionRepositoryFilter$SessionRepositoryRequestWrapper@6aa17fdd]', 'SUCCESS', NULL);
INSERT INTO `sys_operation_log` VALUES (2020798475234054145, '2026-02-09 17:54:36', 2018357787859034114, '127.0.0.1', 'PC/Windows/Google Chrome', 'ROLE_MODULE:POST:/role/:id/assign-pages', '方法入参:[2018357649279229954, RolePageAssignDTO(pageIds=[2020736052187824130, 2020736053366423557, 2020736053102182402, 2020736053299314690, 2020736053169291265, 2020736053366423554]), org.springframework.session.web.http.SessionRepositoryFilter$SessionRepositoryRequestWrapper@1ff93a57]', 'SUCCESS', NULL);
INSERT INTO `sys_operation_log` VALUES (2020799527601737730, '2026-02-09 17:58:47', 2018357787859034114, '127.0.0.1', 'PC/Windows/Google Chrome', 'PERMISSION_MODULE:POST:/permission', '方法入参:[PermissionCreateDTO(name=角色管理, description=), org.springframework.session.web.http.SessionRepositoryFilter$SessionRepositoryRequestWrapper@93aa6a3]', 'SUCCESS', NULL);
INSERT INTO `sys_operation_log` VALUES (2020799542109835266, '2026-02-09 17:58:50', 2018357787859034114, '127.0.0.1', 'PC/Windows/Google Chrome', 'PERMISSION_MODULE:POST:/permission', '方法入参:[PermissionCreateDTO(name=权限分配, description=), org.springframework.session.web.http.SessionRepositoryFilter$SessionRepositoryRequestWrapper@223e26da]', 'SUCCESS', NULL);
INSERT INTO `sys_operation_log` VALUES (2020799863817150465, '2026-02-09 18:00:07', 2018357787859034114, '127.0.0.1', 'PC/Windows/Google Chrome', 'ROLE_MODULE:PUT:/role/:id/permission', '方法入参:[2018357649279229954, RoleAddPermissionDTO(permissionIds=[2020799782305046530, 2020799782367961089]), org.springframework.session.web.http.SessionRepositoryFilter$SessionRepositoryRequestWrapper@3067cfe8]', 'SUCCESS', NULL);
INSERT INTO `sys_operation_log` VALUES (2020873371775574018, '2026-02-09 22:52:13', 2018357787859034114, '127.0.0.1', 'PC/Windows/Google Chrome', 'PAGE_MODULE:PUT:/page/:id/permission', '方法入参:[2020736052435288066, PageEditPermissionDTO(permissionIds=[]), org.springframework.session.web.http.SessionRepositoryFilter$SessionRepositoryRequestWrapper@608acd6e]', 'SUCCESS', NULL);
INSERT INTO `sys_operation_log` VALUES (2020875040760397826, '2026-02-09 22:58:50', 2018357787859034114, '127.0.0.1', 'PC/Windows/Google Chrome', 'ROLE_MODULE:POST:/role/:id/assign-pages', '方法入参:[2018357649279229954, RolePageAssignDTO(pageIds=[2020736052187824130, 2020736053366423557, 2020736053299314690, 2020736053366423554]), org.springframework.session.web.http.SessionRepositoryFilter$SessionRepositoryRequestWrapper@18ac39f2]', 'SUCCESS', NULL);
INSERT INTO `sys_operation_log` VALUES (2020875426858663937, '2026-02-09 23:00:22', 2018357787859034114, '127.0.0.1', 'PC/Windows/Google Chrome', 'ROLE_MODULE:PUT:/role/:id/permission', '方法入参:[2018357649279229954, RoleAddPermissionDTO(permissionIds=[2020874841715507201, 2020874841581289474, 2020874841522569218]), org.springframework.session.web.http.SessionRepositoryFilter$SessionRepositoryRequestWrapper@58404a2d]', 'SUCCESS', NULL);
INSERT INTO `sys_operation_log` VALUES (2020877536123871234, '2026-02-09 23:08:45', 2018357787859034114, '127.0.0.1', 'PC/Windows/Google Chrome', 'ROLE_MODULE:PUT:/role/:id/permission', '方法入参:[2018357649279229954, RoleAddPermissionDTO(permissionIds=[2020874841522569218, 2020874841581289474, 2020874841715507201, 2020874841648398338, 2020876934429990913, 2020874842365624321, 2020874842168492034, 2020874842235600898]), org.springframework.session.web.http.SessionRepositoryFilter$SessionRepositoryRequestWrapper@4271128d]', 'SUCCESS', NULL);
INSERT INTO `sys_operation_log` VALUES (2020877840429015041, '2026-02-09 23:09:58', 2018357787859034114, '127.0.0.1', 'PC/Windows/Google Chrome', 'ROLE_MODULE:POST:/role/:id/assign-pages', '方法入参:[2018357649279229954, RolePageAssignDTO(pageIds=[2020736052187824130, 2020736053299314690, 2020736053366423554, 2020736053366423557, 2020736053236400129]), org.springframework.session.web.http.SessionRepositoryFilter$SessionRepositoryRequestWrapper@6a95be96]', 'SUCCESS', NULL);
INSERT INTO `sys_operation_log` VALUES (2020877912306802689, '2026-02-09 23:10:15', 2018357787859034114, '127.0.0.1', 'PC/Windows/Google Chrome', 'ROLE_MODULE:POST:/role/:id/assign-pages', '方法入参:[2018357649279229954, RolePageAssignDTO(pageIds=[2020736052187824130, 2020736053236400129, 2020736053299314690, 2020736053366423554, 2020736053366423557, 2020876933393997826]), org.springframework.session.web.http.SessionRepositoryFilter$SessionRepositoryRequestWrapper@235738bb]', 'SUCCESS', NULL);
INSERT INTO `sys_operation_log` VALUES (2020877977704390657, '2026-02-09 23:10:31', 2018357787859034114, '127.0.0.1', 'PC/Windows/Google Chrome', 'ROLE_MODULE:POST:/role/:id/assign-pages', '方法入参:[2018357649279229954, RolePageAssignDTO(pageIds=[2020736052187824130, 2020736053236400129, 2020736053366423557, 2020876933393997826, 2020736052972158977]), org.springframework.session.web.http.SessionRepositoryFilter$SessionRepositoryRequestWrapper@31101734]', 'SUCCESS', NULL);
INSERT INTO `sys_operation_log` VALUES (2020878021018968066, '2026-02-09 23:10:41', 2018357787859034114, '127.0.0.1', 'PC/Windows/Google Chrome', 'ROLE_MODULE:POST:/role/:id/assign-pages', '方法入参:[2018357649279229954, RolePageAssignDTO(pageIds=[2020736052187824130, 2020736052972158977, 2020736053366423557, 2020876933393997826]), org.springframework.session.web.http.SessionRepositoryFilter$SessionRepositoryRequestWrapper@606dc53b]', 'SUCCESS', NULL);
INSERT INTO `sys_operation_log` VALUES (2020878468588953602, '2026-02-09 23:12:28', 2018357787859034114, '127.0.0.1', 'PC/Windows/Google Chrome', 'ROLE_MODULE:POST:/role/:id/assign-pages', '方法入参:[2018357649161789442, RolePageAssignDTO(pageIds=[2020736052187824130, 2020736052305264642, 2020736052368179202, 2020736052435288066, 2020736052506591234, 2020736052569505794, 2020736052636614658, 2020736052699529217, 2020736052770832386, 2020736052837941249, 2020736052905050114, 2020736052972158977, 2020736053035073537, 2020736053102182402, 2020736053169291265, 2020736053236400129, 2020736053299314690, 2020736053366423554, 2020736053366423555, 2020736053366423556, 2020736053366423557, 2020736053366423558, 2020876933393997826]), org.springframework.session.web.http.SessionRepositoryFilter$SessionRepositoryRequestWrapper@51fd0f24]', 'SUCCESS', NULL);
INSERT INTO `sys_operation_log` VALUES (2020880535009288193, '2026-02-09 23:20:40', 2018357787859034114, '127.0.0.1', 'PC/Windows/Google Chrome', 'ROLE_MODULE:POST:/role/:id/assign-pages', '方法入参:[2018357649161789442, RolePageAssignDTO(pageIds=[2020736052187824130, 2020736052305264642, 2020736052368179202, 2020736052435288066, 2020736052506591234, 2020736052569505794, 2020736052636614658, 2020736052699529217, 2020736052770832386, 2020736052837941249, 2020736052905050114, 2020736052972158977, 2020736053035073537, 2020736053102182402, 2020736053169291265, 2020736053236400129, 2020736053299314690, 2020736053366423554, 2020736053366423555, 2020736053366423556, 2020736053366423558]), org.springframework.session.web.http.SessionRepositoryFilter$SessionRepositoryRequestWrapper@2b2dfe24]', 'SUCCESS', NULL);
INSERT INTO `sys_operation_log` VALUES (2020884304585461762, '2026-02-09 23:35:39', 2018357787859034114, '127.0.0.1', 'PC/Windows/Google Chrome', 'ROLE_MODULE:POST:/role/:id/assign-pages', '方法入参:[2020883963240419330, RolePageAssignDTO(pageIds=[2020736052187824130, 2020736052305264642, 2020736052770832386, 2020736052837941249, 2020736052905050114, 2020736052972158977, 2020736053035073537, 2020736053102182402, 2020736053169291265, 2020736053236400129, 2020736053299314690, 2020736053366423554]), org.springframework.session.web.http.SessionRepositoryFilter$SessionRepositoryRequestWrapper@387015e6]', 'SUCCESS', NULL);
INSERT INTO `sys_operation_log` VALUES (2020884419098349569, '2026-02-09 23:36:06', 2018357787859034114, '127.0.0.1', 'PC/Windows/Google Chrome', 'ROLE_MODULE:POST:/role/:id/assign-pages', '方法入参:[2020883963240419330, RolePageAssignDTO(pageIds=[2020736052187824130, 2020736052305264642, 2020736052770832386, 2020736052837941249, 2020736052905050114, 2020736052972158977, 2020736053035073537, 2020736053102182402, 2020736053169291265, 2020736053236400129, 2020736053299314690, 2020736053366423554, 2020736053366423557, 2020736053366423558]), org.springframework.session.web.http.SessionRepositoryFilter$SessionRepositoryRequestWrapper@6f6df069]', 'SUCCESS', NULL);
INSERT INTO `sys_operation_log` VALUES (2020885281233342466, '2026-02-09 23:39:32', 2018357787859034114, '127.0.0.1', 'PC/Windows/Google Chrome', 'ROLE_MODULE:POST:/role/:id/assign-pages', '方法入参:[2020883963240419330, RolePageAssignDTO(pageIds=[2020736052770832386, 2020736052837941249, 2020736052905050114, 2020736052972158977, 2020736053035073537, 2020736053102182402, 2020736053169291265, 2020736053236400129, 2020736053299314690, 2020736053366423554, 2020736053366423557, 2020736053366423558, 2020736052187824130]), org.springframework.session.web.http.SessionRepositoryFilter$SessionRepositoryRequestWrapper@5ce8cd50]', 'SUCCESS', NULL);
INSERT INTO `sys_operation_log` VALUES (2020885351697649666, '2026-02-09 23:39:49', 2018357787859034114, '127.0.0.1', 'PC/Windows/Google Chrome', 'ROLE_MODULE:POST:/role/:id/assign-pages', '方法入参:[2020883963240419330, RolePageAssignDTO(pageIds=[2020736052187824130, 2020736052770832386, 2020736052837941249, 2020736052905050114, 2020736052972158977, 2020736053035073537, 2020736053102182402, 2020736053169291265, 2020736053236400129, 2020736053299314690, 2020736053366423554, 2020736053366423558]), org.springframework.session.web.http.SessionRepositoryFilter$SessionRepositoryRequestWrapper@70d5b3e5]', 'SUCCESS', NULL);
INSERT INTO `sys_operation_log` VALUES (2020885449605287938, '2026-02-09 23:40:12', 2018357787859034114, '127.0.0.1', 'PC/Windows/Google Chrome', 'ROLE_MODULE:PUT:/role/:id/permission', '方法入参:[2020883963240419330, RoleAddPermissionDTO(permissionIds=[2020799782430875649, 2020799782497984513, 2020799782565093378, 2020799782628007937, 2020799782690922497, 2020799782762225665, 2020799782829334529, 2020799782955163649, 2020799783022272513, 2020799783022272514, 2020799783085187074, 2020799783152295937, 2020799783219404801, 2020799783286513666, 2020799783420731393, 2020799783487840257, 2020799783550754818, 2020799783617863682, 2020799783684972545, 2020799783747887106, 2020799783814995970, 2020799783877910529, 2020799783949213697, 2020799784402198530, 2020799784465113089, 2020799784528027650, 2020799784590942209, 2020799784662245378, 2020799784733548546, 2020799784859377665, 2020799784926486530, 2020799784989401090, 2020799784989401091, 2020799785052315650, 2020799785119424513, 2020799786239303681, 2020799786302218241, 2020799786373521410, 2020799786436435969, 2020799786503544834, 2020799786570653697, 2020799786637762561, 2020799786704871426, 2020799786767785986, 2020799786834894849, 2020799786897809409, 2020799786964918274, 2020799786964918275, 2020799787032027137, 2020799787099136001, 2020874840725651457, 2020874841115721730, 2020874841182830593, 2020874841249939458, 2020874841522569218, 2020874841581289474, 2020874841648398338, 2020874841715507201, 2020874841782616065, 2020874841845530625, 2020874841912639490, 2020874841975554049, 2020874842105577473, 2020874842168492034, 2020874842235600898, 2020874842298515458, 2020874842365624321, 2020876934429990913, 2020874842042662913]), org.springframework.session.web.http.SessionRepositoryFilter$SessionRepositoryRequestWrapper@785fdd00]', 'SUCCESS', NULL);
INSERT INTO `sys_operation_log` VALUES (2020905247349313537, '2026-02-10 00:58:52', 2018357787859034114, '127.0.0.1', 'PC/Windows/Microsoft Edge', 'ROLE_MODULE:POST:/role/:id/assign-pages', '方法入参:[2020883963240419330, RolePageAssignDTO(pageIds=[2020736052187824130, 2020736052305264642, 2020736052770832386, 2020736052837941249, 2020736052905050114, 2020736052972158977, 2020736053035073537, 2020736053102182402, 2020736053169291265, 2020736053236400129, 2020736053299314690, 2020736053366423554, 2020736053366423555, 2020736053366423556, 2020736053366423558, 2020905103744733186, 2020905103992197122, 2020905104055111682, 2020905104055111683, 2020905104113831937]), org.springframework.session.web.http.SessionRepositoryFilter$SessionRepositoryRequestWrapper@20eccd44]', 'SUCCESS', NULL);
INSERT INTO `sys_operation_log` VALUES (2020910298595766274, '2026-02-10 01:18:57', 2018357787859034114, '127.0.0.1', 'PC/Windows/Google Chrome', 'ROLE_MODULE:POST:/role/:id/assign-pages', '方法入参:[2018357649346338818, RolePageAssignDTO(pageIds=[2020736052187824130, 2020736053366423558]), org.springframework.session.web.http.SessionRepositoryFilter$SessionRepositoryRequestWrapper@5608e509]', 'SUCCESS', NULL);
INSERT INTO `sys_operation_log` VALUES (2021053682568388609, '2026-02-10 10:48:42', 2018357787859034114, '127.0.0.1', 'PC/Windows/Google Chrome', 'ROLE_MODULE:PUT:/role/:id/permission', '方法入参:[2020883963240419330, RoleAddPermissionDTO(permissionIds=[2020799782430875649, 2020799782497984513, 2020799782565093378, 2020799782628007937, 2020799782690922497, 2020799782762225665, 2020799782829334529, 2020799782955163649, 2020799783022272513, 2020799783022272514, 2020799783085187074, 2020799783152295937, 2020799783219404801, 2020799783286513666, 2020799783420731393, 2020799783487840257, 2020799783550754818, 2020799783617863682, 2020799783684972545, 2020799783747887106, 2020799783814995970, 2020799783877910529, 2020799783949213697, 2020799784402198530, 2020799784465113089, 2020799784528027650, 2020799784590942209, 2020799784662245378, 2020799784733548546, 2020799784859377665, 2020799784926486530, 2020799784989401090, 2020799784989401091, 2020799785052315650, 2020799785119424513, 2020799786239303681, 2020799786302218241, 2020799786373521410, 2020799786436435969, 2020799786503544834, 2020799786570653697, 2020799786637762561, 2020799786704871426, 2020799786767785986, 2020799786834894849, 2020799786897809409, 2020799786964918274, 2020799786964918275, 2020799787032027137, 2020799787099136001, 2020874840725651457, 2020874841115721730, 2020874841182830593, 2020874841249939458, 2020874841522569218, 2020874841581289474, 2020874841648398338, 2020874841715507201, 2020874841782616065, 2020874841845530625, 2020874841912639490, 2020874841975554049, 2020874842042662913, 2020874842105577473, 2020874842168492034, 2020874842235600898, 2020874842298515458, 2020874842365624321, 2020876934429990913, 2021050163199098881, 2021053301071187970]), org.springframework.session.web.http.SessionRepositoryFilter$SessionRepositoryRequestWrapper@1efefff0]', 'SUCCESS', NULL);
INSERT INTO `sys_operation_log` VALUES (2021062317478465537, '2026-02-10 11:23:01', 2018357787859034114, '127.0.0.1', 'PC/Windows/Google Chrome', 'ROLE_MODULE:PUT:/role/:id/permission', '方法入参:[2020883963240419330, RoleAddPermissionDTO(permissionIds=[2020799782430875649, 2020799782497984513, 2020799782565093378, 2020799782628007937, 2020799782690922497, 2020799782762225665, 2020799782829334529, 2020799782955163649, 2020799783022272513, 2020799783022272514, 2020799783085187074, 2020799783152295937, 2020799783219404801, 2020799783286513666, 2020799783420731393, 2020799783487840257, 2020799783550754818, 2020799783617863682, 2020799783684972545, 2020799783747887106, 2020799783814995970, 2020799783877910529, 2020799783949213697, 2020799784402198530, 2020799784465113089, 2020799784528027650, 2020799784590942209, 2020799784662245378, 2020799784733548546, 2020799784859377665, 2020799784926486530, 2020799784989401090, 2020799784989401091, 2020799785052315650, 2020799785119424513, 2020799786239303681, 2020799786302218241, 2020799786373521410, 2020799786436435969, 2020799786503544834, 2020799786570653697, 2020799786637762561, 2020799786704871426, 2020799786767785986, 2020799786834894849, 2020799786897809409, 2020799786964918274, 2020799786964918275, 2020799787032027137, 2020799787099136001, 2020874840725651457, 2020874841115721730, 2020874841182830593, 2020874841249939458, 2020874841522569218, 2020874841581289474, 2020874841648398338, 2020874841715507201, 2020874841782616065, 2020874841845530625, 2020874841912639490, 2020874841975554049, 2020874842042662913, 2020874842105577473, 2020874842168492034, 2020874842235600898, 2020874842298515458, 2020874842365624321, 2020876934429990913, 2021050163199098881, 2021053301071187970, 2021060385401663489]), org.springframework.session.web.http.SessionRepositoryFilter$SessionRepositoryRequestWrapper@77f7daf5]', 'SUCCESS', NULL);
INSERT INTO `sys_operation_log` VALUES (2021063023216230402, '2026-02-10 11:25:49', 2018357787859034114, '127.0.0.1', 'PC/Windows/Google Chrome', 'ROLE_MODULE:PUT:/role/:id/permission', '方法入参:[2018357649279229954, RoleAddPermissionDTO(permissionIds=[2020799783487840257, 2020799783617863682, 2020799784402198530, 2020799784528027650, 2020799784796463105, 2020799784859377665, 2020799784926486530, 2020799784989401090, 2020799784989401091, 2020799785119424513, 2020799786964918275, 2020874841522569218, 2020874841581289474, 2020874841648398338, 2020874841715507201, 2020874842042662913, 2020874842168492034, 2020874842235600898, 2020874842365624321, 2020876934429990913, 2021060385401663489]), org.springframework.session.web.http.SessionRepositoryFilter$SessionRepositoryRequestWrapper@6b4cf93e]', 'SUCCESS', NULL);
INSERT INTO `sys_operation_log` VALUES (2021063436296454146, '2026-02-10 11:27:27', 2018357787859034114, '127.0.0.1', 'PC/Windows/Google Chrome', 'ROLE_MODULE:PUT:/role/:id/permission', '方法入参:[2018357649279229954, RoleAddPermissionDTO(permissionIds=[2020799783487840257, 2020799783617863682, 2020799784402198530, 2020799784528027650, 2020799784796463105, 2020799784859377665, 2020799784926486530, 2020799784989401090, 2020799784989401091, 2020799785119424513, 2020874841522569218, 2020874841581289474, 2020874841648398338, 2020874841715507201, 2020874842042662913, 2020874842168492034, 2020874842235600898, 2020874842365624321, 2020876934429990913, 2021060385401663489, 2020799786964918275]), org.springframework.session.web.http.SessionRepositoryFilter$SessionRepositoryRequestWrapper@7aa3f2f9]', 'SUCCESS', NULL);

-- ----------------------------
-- Table structure for sys_page
-- ----------------------------
DROP TABLE IF EXISTS `sys_page`;
CREATE TABLE `sys_page`  (
  `id` bigint(20) NOT NULL AUTO_INCREMENT COMMENT '页面ID',
  `parentId` bigint(20) NULL DEFAULT NULL COMMENT '父页面ID，NULL 或 0 表示顶级',
  `name` varchar(100) CHARACTER SET utf8mb4 COLLATE utf8mb4_0900_ai_ci NOT NULL COMMENT '页面/菜单显示名称',
  `path` varchar(200) CHARACTER SET utf8mb4 COLLATE utf8mb4_0900_ai_ci NULL DEFAULT NULL COMMENT '前端路由路径，如 /users',
  `component` varchar(255) CHARACTER SET utf8mb4 COLLATE utf8mb4_0900_ai_ci NULL DEFAULT NULL COMMENT '前端组件路径/名称（前端用于动态路由）',
  `icon` varchar(100) CHARACTER SET utf8mb4 COLLATE utf8mb4_0900_ai_ci NULL DEFAULT NULL COMMENT '图标',
  `orderNum` int(11) NOT NULL DEFAULT 0 COMMENT '排序值，越大越靠前',
  `visible` tinyint(4) NOT NULL DEFAULT 1 COMMENT '是否可见（菜单展示）:1=显示,0=隐藏',
  `meta` json NULL COMMENT '扩展字段，存放额外信息（如权限提示、layout 等）',
  `createTime` datetime NOT NULL DEFAULT CURRENT_TIMESTAMP,
  `updateTime` datetime NOT NULL DEFAULT CURRENT_TIMESTAMP ON UPDATE CURRENT_TIMESTAMP,
  `createBy` bigint(20) NULL DEFAULT NULL COMMENT '创建人ID',
  PRIMARY KEY (`id`) USING BTREE,
  INDEX `idx_parent`(`parentId` ASC) USING BTREE
) ENGINE = InnoDB AUTO_INCREMENT = 2021125685602099203 CHARACTER SET = utf8mb4 COLLATE = utf8mb4_0900_ai_ci COMMENT = '页面/菜单表' ROW_FORMAT = Dynamic;

-- ----------------------------
-- Records of sys_page
-- ----------------------------
INSERT INTO `sys_page` VALUES (2020736052187824130, 0, '系统首页', '/dashboard', 'pages/dashboard/DashboardPage', NULL, 100, 1, NULL, '2026-02-09 13:46:32', '2026-02-09 13:46:32', 1991058483334778881);
INSERT INTO `sys_page` VALUES (2020736052305264642, 0, '系统管理', '/system', NULL, NULL, 90, 1, NULL, '2026-02-09 13:46:32', '2026-02-09 13:46:32', 1991058483334778881);
INSERT INTO `sys_page` VALUES (2020736052368179202, 2020736052305264642, '用户管理', '/users', 'pages/users/UsersPage', NULL, 95, 1, NULL, '2026-02-09 13:46:33', '2026-02-09 13:46:33', 1991058483334778881);
INSERT INTO `sys_page` VALUES (2020736052435288066, 2020736052305264642, '角色管理', '/roles', 'pages/roles/RolesPage', NULL, 90, 1, NULL, '2026-02-09 13:46:33', '2026-02-09 13:46:33', 1991058483334778881);
INSERT INTO `sys_page` VALUES (2020736052506591234, 2020736052305264642, '权限管理', '/permissions', 'pages/permissions/PermissionsPage', NULL, 80, 1, NULL, '2026-02-09 13:46:33', '2026-02-09 13:46:33', 1991058483334778881);
INSERT INTO `sys_page` VALUES (2020736052569505794, 2020736052305264642, '页面管理', '/pages', 'pages/pages/PagesPage', NULL, 70, 1, NULL, '2026-02-09 13:46:33', '2026-02-09 13:46:33', 1991058483334778881);
INSERT INTO `sys_page` VALUES (2020736052636614658, 2020736052305264642, '操作日志', '/logs', 'pages/logs/OperationLogsPage', NULL, 40, 1, NULL, '2026-02-09 13:46:33', '2026-02-09 13:46:33', 1991058483334778881);
INSERT INTO `sys_page` VALUES (2020736052699529217, 2020736052305264642, '门店设置', '/store', 'pages/store/StorePage', NULL, 30, 1, NULL, '2026-02-09 13:46:33', '2026-02-09 13:46:33', 1991058483334778881);
INSERT INTO `sys_page` VALUES (2020736052770832386, 0, '商品库存', '/goods', NULL, NULL, 80, 1, NULL, '2026-02-09 13:46:33', '2026-02-09 13:46:33', 1991058483334778881);
INSERT INTO `sys_page` VALUES (2020736052837941249, 2020736052770832386, '商品管理', '/products', 'pages/products/ProductsPage', NULL, 60, 1, NULL, '2026-02-09 13:46:33', '2026-02-09 13:46:33', 1991058483334778881);
INSERT INTO `sys_page` VALUES (2020736052905050114, 2020736052770832386, '仓库管理', '/warehouses', 'pages/warehouses/WarehousesPage', NULL, 50, 1, NULL, '2026-02-09 13:46:33', '2026-02-09 13:46:33', 1991058483334778881);
INSERT INTO `sys_page` VALUES (2020736052972158977, 2020736052770832386, '库存管理', '/inventory', 'pages/inventory/InventoryPage', NULL, 25, 1, NULL, '2026-02-09 13:46:33', '2026-02-09 13:46:33', 1991058483334778881);
INSERT INTO `sys_page` VALUES (2020736053035073537, 0, '采购管理', '/purchase', NULL, NULL, 70, 1, NULL, '2026-02-09 13:46:33', '2026-02-09 13:46:33', 1991058483334778881);
INSERT INTO `sys_page` VALUES (2020736053102182402, 2020736053035073537, '采购订单', '/purchase/order', 'pages/purchase/PurchaseOrderPage', NULL, 20, 1, NULL, '2026-02-09 13:46:33', '2026-02-09 13:46:33', 1991058483334778881);
INSERT INTO `sys_page` VALUES (2020736053169291265, 2020736053035073537, '采购退货', '/purchase/return', 'pages/purchase/PurchaseReturnPage', NULL, 15, 1, NULL, '2026-02-09 13:46:33', '2026-02-09 13:46:33', 1991058483334778881);
INSERT INTO `sys_page` VALUES (2020736053236400129, 0, '销售管理', '/sale', NULL, NULL, 60, 1, NULL, '2026-02-09 13:46:33', '2026-02-09 13:46:33', 1991058483334778881);
INSERT INTO `sys_page` VALUES (2020736053299314690, 2020736053236400129, '销售订单', '/sale/order', 'pages/sale/SaleOrderPage', NULL, 10, 1, NULL, '2026-02-09 13:46:33', '2026-02-09 13:46:33', 1991058483334778881);
INSERT INTO `sys_page` VALUES (2020736053366423554, 2020736053236400129, '销售退货', '/sale/return', 'pages/sale/SaleReturnPage', NULL, 5, 1, NULL, '2026-02-09 13:46:33', '2026-02-09 13:46:33', 1991058483334778881);
INSERT INTO `sys_page` VALUES (2020736053366423555, 2020736052305264642, '供应商管理', '/supplier', 'pages/users/SupplierPage', 'Shop', 25, 1, NULL, '2026-02-09 17:36:08', '2026-02-09 17:36:08', NULL);
INSERT INTO `sys_page` VALUES (2020736053366423556, 2020736052305264642, '客户管理', '/customer', 'pages/users/CustomerPage', 'User', 20, 1, NULL, '2026-02-09 17:36:08', '2026-02-09 17:36:08', NULL);
INSERT INTO `sys_page` VALUES (2020736053366423557, 0, '我的商品', '/supplier/products', 'pages/supplier/MyProductsPage', 'Goods', 100, 1, NULL, '2026-02-09 17:36:15', '2026-02-09 17:36:15', NULL);
INSERT INTO `sys_page` VALUES (2020736053366423558, 0, '在线商城', '/customer/shopping', 'pages/customer/ShoppingPage', 'Shop', 100, 1, NULL, '2026-02-09 17:36:15', '2026-02-09 17:36:15', NULL);
INSERT INTO `sys_page` VALUES (2020876933393997826, 0, '采购订单', '/supplier/orders', 'pages/supplier/SupplierOrderPage', NULL, 90, 1, NULL, '2026-02-09 23:06:21', '2026-02-09 23:06:21', 1991058483334778881);
INSERT INTO `sys_page` VALUES (2020905103744733186, 0, '智能决策', '/ai', NULL, NULL, 55, 1, NULL, '2026-02-10 00:58:17', '2026-02-10 00:58:17', 1991058483334778881);
INSERT INTO `sys_page` VALUES (2020905103992197122, 2020905103744733186, '智能问答', '/ai/chat', 'pages/ai/AIChatPage', NULL, 100, 1, NULL, '2026-02-10 00:58:18', '2026-02-10 00:58:18', 1991058483334778881);
INSERT INTO `sys_page` VALUES (2020905104055111682, 2020905103744733186, '库存预警', '/ai/inventory-warning', 'pages/ai/InventoryWarningPage', NULL, 90, 1, NULL, '2026-02-10 00:58:18', '2026-02-10 00:58:18', 1991058483334778881);
INSERT INTO `sys_page` VALUES (2020905104055111683, 2020905103744733186, '销量预测', '/ai/sales-forecast', 'pages/ai/SalesForecastPage', NULL, 80, 1, NULL, '2026-02-10 00:58:18', '2026-02-10 00:58:18', 1991058483334778881);
INSERT INTO `sys_page` VALUES (2020905104113831937, 2020905103744733186, '销售统计', '/ai/sales-stats', 'pages/ai/SalesStatsPage', NULL, 70, 1, NULL, '2026-02-10 00:58:18', '2026-02-10 00:58:18', 1991058483334778881);
INSERT INTO `sys_page` VALUES (2021060383887519745, 0, '采购退货', '/supplier/returns', 'pages/purchase/PurchaseReturnPage', NULL, 80, 1, NULL, '2026-02-10 11:15:19', '2026-02-10 11:15:19', 1991058483334778881);
INSERT INTO `sys_page` VALUES (2021107335358492674, 0, '资金管理', '/amount', NULL, NULL, 65, 1, NULL, '2026-02-10 14:21:53', '2026-02-10 14:21:53', 1991058483334778881);
INSERT INTO `sys_page` VALUES (2021107335652093953, 2021107335358492674, '金额订单', '/amount/orders', 'pages/amount/AmountOrderPage', NULL, 100, 1, NULL, '2026-02-10 14:21:53', '2026-02-10 14:21:53', 1991058483334778881);
INSERT INTO `sys_page` VALUES (2021112332301320194, 2020736052770832386, '调拨记录', '/inventory/transfer-logs', 'pages/inventory/TransferLogPage', NULL, 20, 1, NULL, '2026-02-10 14:41:45', '2026-02-10 14:41:45', 1991058483334778881);
INSERT INTO `sys_page` VALUES (2021125685602099202, 2020736052770832386, '库存明细', '/inventory/details', 'pages/inventory/InventoryDetailPage', NULL, 22, 1, NULL, '2026-02-10 15:34:48', '2026-02-10 15:34:48', 1991058483334778881);

-- ----------------------------
-- Table structure for sys_page_permission
-- ----------------------------
DROP TABLE IF EXISTS `sys_page_permission`;
CREATE TABLE `sys_page_permission`  (
  `id` bigint(20) NOT NULL AUTO_INCREMENT,
  `pageId` bigint(20) NOT NULL COMMENT '所属页面ID',
  `permissionId` bigint(20) NOT NULL COMMENT 'sys_permission.id',
  `action` varchar(100) CHARACTER SET utf8mb4 COLLATE utf8mb4_0900_ai_ci NULL DEFAULT NULL COMMENT '动作标识，如 create/update/delete/export',
  `description` varchar(200) CHARACTER SET utf8mb4 COLLATE utf8mb4_0900_ai_ci NULL DEFAULT NULL,
  `createTime` datetime NOT NULL DEFAULT CURRENT_TIMESTAMP,
  `updateTime` datetime NOT NULL DEFAULT CURRENT_TIMESTAMP ON UPDATE CURRENT_TIMESTAMP,
  `createBy` bigint(20) NULL DEFAULT NULL COMMENT '创建人ID',
  PRIMARY KEY (`id`) USING BTREE,
  UNIQUE INDEX `uk_page_perm`(`pageId` ASC, `permissionId` ASC) USING BTREE,
  INDEX `idx_page`(`pageId` ASC) USING BTREE,
  INDEX `idx_permission`(`permissionId` ASC) USING BTREE
) ENGINE = InnoDB AUTO_INCREMENT = 2020696735969144834 CHARACTER SET = utf8mb4 COLLATE = utf8mb4_0900_ai_ci COMMENT = '页面按钮/动作与权限表' ROW_FORMAT = Dynamic;

-- ----------------------------
-- Records of sys_page_permission
-- ----------------------------

-- ----------------------------
-- Table structure for sys_permission
-- ----------------------------
DROP TABLE IF EXISTS `sys_permission`;
CREATE TABLE `sys_permission`  (
  `id` bigint(20) NOT NULL AUTO_INCREMENT COMMENT '权限ID',
  `name` varchar(100) CHARACTER SET utf8mb4 COLLATE utf8mb4_general_ci NOT NULL COMMENT '权限名称',
  `description` varchar(200) CHARACTER SET utf8mb4 COLLATE utf8mb4_general_ci NULL DEFAULT NULL COMMENT '权限描述',
  `createTime` datetime NOT NULL DEFAULT CURRENT_TIMESTAMP COMMENT '创建时间',
  `updateTime` datetime NOT NULL DEFAULT CURRENT_TIMESTAMP ON UPDATE CURRENT_TIMESTAMP,
  `createBy` bigint(20) NULL DEFAULT NULL COMMENT '创建人ID',
  PRIMARY KEY (`id`) USING BTREE,
  UNIQUE INDEX `roleName`(`name` ASC) USING BTREE
) ENGINE = InnoDB AUTO_INCREMENT = 2021127150911574018 CHARACTER SET = utf8mb4 COLLATE = utf8mb4_general_ci COMMENT = '权限资源表' ROW_FORMAT = Dynamic;

-- ----------------------------
-- Records of sys_permission
-- ----------------------------
INSERT INTO `sys_permission` VALUES (2020799782305046530, '角色管理', '角色管理', '2026-02-09 17:59:47', '2026-02-09 17:59:47', 1991058483334778881);
INSERT INTO `sys_permission` VALUES (2020799782367961089, '权限分配', '权限分配', '2026-02-09 17:59:47', '2026-02-09 17:59:47', 1991058483334778881);
INSERT INTO `sys_permission` VALUES (2020799782430875649, 'GET:/user/list', 'GET:/user/list', '2026-02-09 17:59:47', '2026-02-09 17:59:47', 1991058483334778881);
INSERT INTO `sys_permission` VALUES (2020799782497984513, 'GET:/user/:id', 'GET:/user/:id', '2026-02-09 17:59:47', '2026-02-09 17:59:47', 1991058483334778881);
INSERT INTO `sys_permission` VALUES (2020799782565093378, 'POST:/user', 'POST:/user', '2026-02-09 17:59:47', '2026-02-09 17:59:47', 1991058483334778881);
INSERT INTO `sys_permission` VALUES (2020799782628007937, 'PUT:/user/:id', 'PUT:/user/:id', '2026-02-09 17:59:47', '2026-02-09 17:59:47', 1991058483334778881);
INSERT INTO `sys_permission` VALUES (2020799782690922497, 'POST:/user/:id/reset-password', 'POST:/user/:id/reset-password', '2026-02-09 17:59:47', '2026-02-09 17:59:47', 1991058483334778881);
INSERT INTO `sys_permission` VALUES (2020799782762225665, 'POST:/user/batch-status', 'POST:/user/batch-status', '2026-02-09 17:59:47', '2026-02-09 17:59:47', 1991058483334778881);
INSERT INTO `sys_permission` VALUES (2020799782829334529, 'DELETE:/user/:id', 'DELETE:/user/:id', '2026-02-09 17:59:47', '2026-02-09 17:59:47', 1991058483334778881);
INSERT INTO `sys_permission` VALUES (2020799782829334530, 'POST:/user/login', 'POST:/user/login', '2026-02-09 17:59:47', '2026-02-09 17:59:47', 1991058483334778881);
INSERT INTO `sys_permission` VALUES (2020799782892249089, 'POST:/user/register', 'POST:/user/register', '2026-02-09 17:59:47', '2026-02-09 17:59:47', 1991058483334778881);
INSERT INTO `sys_permission` VALUES (2020799782955163649, 'POST:/warehouse/add', 'POST:/warehouse/add', '2026-02-09 17:59:47', '2026-02-09 17:59:47', 1991058483334778881);
INSERT INTO `sys_permission` VALUES (2020799783022272513, 'GET:/warehouse/get/:id', 'GET:/warehouse/get/:id', '2026-02-09 17:59:47', '2026-02-09 17:59:47', 1991058483334778881);
INSERT INTO `sys_permission` VALUES (2020799783022272514, 'PUT:/warehouse/update', 'PUT:/warehouse/update', '2026-02-09 17:59:47', '2026-02-09 17:59:47', 1991058483334778881);
INSERT INTO `sys_permission` VALUES (2020799783085187074, 'DELETE:/warehouse/delete/:id', 'DELETE:/warehouse/delete/:id', '2026-02-09 17:59:47', '2026-02-09 17:59:47', 1991058483334778881);
INSERT INTO `sys_permission` VALUES (2020799783152295937, 'GET:/warehouse/list', 'GET:/warehouse/list', '2026-02-09 17:59:47', '2026-02-09 17:59:47', 1991058483334778881);
INSERT INTO `sys_permission` VALUES (2020799783219404801, 'GET:/warehouse/page', 'GET:/warehouse/page', '2026-02-09 17:59:47', '2026-02-09 17:59:47', 1991058483334778881);
INSERT INTO `sys_permission` VALUES (2020799783286513666, 'GET:/store', 'GET:/store', '2026-02-09 17:59:47', '2026-02-09 17:59:47', 1991058483334778881);
INSERT INTO `sys_permission` VALUES (2020799783353622529, 'PUT:/store', 'PUT:/store', '2026-02-09 17:59:47', '2026-02-09 17:59:47', 1991058483334778881);
INSERT INTO `sys_permission` VALUES (2020799783420731393, 'POST:/sale/return/create', 'POST:/sale/return/create', '2026-02-09 17:59:47', '2026-02-09 17:59:47', 1991058483334778881);
INSERT INTO `sys_permission` VALUES (2020799783487840257, 'GET:/sale/return/my', 'GET:/sale/return/my', '2026-02-09 17:59:47', '2026-02-09 17:59:47', 1991058483334778881);
INSERT INTO `sys_permission` VALUES (2020799783550754818, 'GET:/sale/return/store', 'GET:/sale/return/store', '2026-02-09 17:59:47', '2026-02-09 17:59:47', 1991058483334778881);
INSERT INTO `sys_permission` VALUES (2020799783617863682, 'GET:/sale/return/:id', 'GET:/sale/return/:id', '2026-02-09 17:59:47', '2026-02-09 17:59:47', 1991058483334778881);
INSERT INTO `sys_permission` VALUES (2020799783684972545, 'POST:/sale/order/create', 'POST:/sale/order/create', '2026-02-09 17:59:47', '2026-02-09 17:59:47', 1991058483334778881);
INSERT INTO `sys_permission` VALUES (2020799783747887106, 'GET:/sale/order/my', 'GET:/sale/order/my', '2026-02-09 17:59:47', '2026-02-09 17:59:47', 1991058483334778881);
INSERT INTO `sys_permission` VALUES (2020799783814995970, 'GET:/sale/order/:id', 'GET:/sale/order/:id', '2026-02-09 17:59:47', '2026-02-09 17:59:47', 1991058483334778881);
INSERT INTO `sys_permission` VALUES (2020799783877910529, 'GET:/sale/order/store', 'GET:/sale/order/store', '2026-02-09 17:59:47', '2026-02-09 17:59:47', 1991058483334778881);
INSERT INTO `sys_permission` VALUES (2020799783949213697, 'POST:/sale/order/confirm/:id', 'POST:/sale/order/confirm/:id', '2026-02-09 17:59:47', '2026-02-09 17:59:47', 1991058483334778881);
INSERT INTO `sys_permission` VALUES (2020799784012128257, 'GET:/role/list', 'GET:/role/list', '2026-02-09 17:59:47', '2026-02-09 17:59:47', 1991058483334778881);
INSERT INTO `sys_permission` VALUES (2020799784075042817, 'POST:/role', 'POST:/role', '2026-02-09 17:59:47', '2026-02-09 17:59:47', 1991058483334778881);
INSERT INTO `sys_permission` VALUES (2020799784137957377, 'GET:/role/:id', 'GET:/role/:id', '2026-02-09 17:59:47', '2026-02-09 17:59:47', 1991058483334778881);
INSERT INTO `sys_permission` VALUES (2020799784200871937, 'PUT:/role/:id', 'PUT:/role/:id', '2026-02-09 17:59:47', '2026-02-09 17:59:47', 1991058483334778881);
INSERT INTO `sys_permission` VALUES (2020799784263786498, 'DELETE:/role/:id', 'DELETE:/role/:id', '2026-02-09 17:59:47', '2026-02-09 17:59:47', 1991058483334778881);
INSERT INTO `sys_permission` VALUES (2020799784330895362, 'PUT:/role/:id/permission', 'PUT:/role/:id/permission', '2026-02-09 17:59:47', '2026-02-09 17:59:47', 1991058483334778881);
INSERT INTO `sys_permission` VALUES (2020799784402198529, 'POST:/role/:id/assign-pages', 'POST:/role/:id/assign-pages', '2026-02-09 17:59:47', '2026-02-09 17:59:47', 1991058483334778881);
INSERT INTO `sys_permission` VALUES (2020799784402198530, 'GET:/purchase/return/list', 'GET:/purchase/return/list', '2026-02-09 17:59:47', '2026-02-09 17:59:47', 1991058483334778881);
INSERT INTO `sys_permission` VALUES (2020799784465113089, 'POST:/purchase/return', 'POST:/purchase/return', '2026-02-09 17:59:47', '2026-02-09 17:59:47', 1991058483334778881);
INSERT INTO `sys_permission` VALUES (2020799784528027650, 'POST:/purchase/return/confirm/:returnId', 'POST:/purchase/return/confirm/:returnId', '2026-02-09 17:59:47', '2026-02-09 17:59:47', 1991058483334778881);
INSERT INTO `sys_permission` VALUES (2020799784590942209, 'POST:/purchase/order', 'POST:/purchase/order', '2026-02-09 17:59:47', '2026-02-09 17:59:47', 1991058483334778881);
INSERT INTO `sys_permission` VALUES (2020799784662245378, 'GET:/purchase/order/list', 'GET:/purchase/order/list', '2026-02-09 17:59:47', '2026-02-09 17:59:47', 1991058483334778881);
INSERT INTO `sys_permission` VALUES (2020799784733548546, 'GET:/purchase/order/:id', 'GET:/purchase/order/:id', '2026-02-09 17:59:47', '2026-02-09 17:59:47', 1991058483334778881);
INSERT INTO `sys_permission` VALUES (2020799784796463105, 'POST:/purchase/order/ship/:id', 'POST:/purchase/order/ship/:id', '2026-02-09 17:59:48', '2026-02-09 17:59:48', 1991058483334778881);
INSERT INTO `sys_permission` VALUES (2020799784859377665, 'POST:/product', 'POST:/product', '2026-02-09 17:59:48', '2026-02-09 17:59:48', 1991058483334778881);
INSERT INTO `sys_permission` VALUES (2020799784926486530, 'PUT:/product', 'PUT:/product', '2026-02-09 17:59:48', '2026-02-09 17:59:48', 1991058483334778881);
INSERT INTO `sys_permission` VALUES (2020799784989401090, 'DELETE:/product/:id', 'DELETE:/product/:id', '2026-02-09 17:59:48', '2026-02-09 17:59:48', 1991058483334778881);
INSERT INTO `sys_permission` VALUES (2020799784989401091, 'GET:/product/:id', 'GET:/product/:id', '2026-02-09 17:59:48', '2026-02-09 17:59:48', 1991058483334778881);
INSERT INTO `sys_permission` VALUES (2020799785052315650, 'GET:/product/list', 'GET:/product/list', '2026-02-09 17:59:48', '2026-02-09 17:59:48', 1991058483334778881);
INSERT INTO `sys_permission` VALUES (2020799785119424513, 'GET:/product/list/own', 'GET:/product/list/own', '2026-02-09 17:59:48', '2026-02-09 17:59:48', 1991058483334778881);
INSERT INTO `sys_permission` VALUES (2020799785182339074, 'GET:/permission/list', 'GET:/permission/list', '2026-02-09 17:59:48', '2026-02-09 17:59:48', 1991058483334778881);
INSERT INTO `sys_permission` VALUES (2020799785245253634, 'POST:/permission', 'POST:/permission', '2026-02-09 17:59:48', '2026-02-09 17:59:48', 1991058483334778881);
INSERT INTO `sys_permission` VALUES (2020799785312362498, 'PUT:/permission/:id', 'PUT:/permission/:id', '2026-02-09 17:59:48', '2026-02-09 17:59:48', 1991058483334778881);
INSERT INTO `sys_permission` VALUES (2020799785379471362, 'DELETE:/permission/:id', 'DELETE:/permission/:id', '2026-02-09 17:59:48', '2026-02-09 17:59:48', 1991058483334778881);
INSERT INTO `sys_permission` VALUES (2020799785442385921, 'GET:/permission/:id', 'GET:/permission/:id', '2026-02-09 17:59:48', '2026-02-09 17:59:48', 1991058483334778881);
INSERT INTO `sys_permission` VALUES (2020799785509494785, 'POST:/permission/user', 'POST:/permission/user', '2026-02-09 17:59:48', '2026-02-09 17:59:48', 1991058483334778881);
INSERT INTO `sys_permission` VALUES (2020799785576603650, 'GET:/page/list', 'GET:/page/list', '2026-02-09 17:59:48', '2026-02-09 17:59:48', 1991058483334778881);
INSERT INTO `sys_permission` VALUES (2020799785643712514, 'GET:/page/:id', 'GET:/page/:id', '2026-02-09 17:59:48', '2026-02-09 17:59:48', 1991058483334778881);
INSERT INTO `sys_permission` VALUES (2020799785706627074, 'POST:/page', 'POST:/page', '2026-02-09 17:59:48', '2026-02-09 17:59:48', 1991058483334778881);
INSERT INTO `sys_permission` VALUES (2020799785769541633, 'PUT:/page/:id', 'PUT:/page/:id', '2026-02-09 17:59:48', '2026-02-09 17:59:48', 1991058483334778881);
INSERT INTO `sys_permission` VALUES (2020799785840844802, 'DELETE:/page/:id', 'DELETE:/page/:id', '2026-02-09 17:59:48', '2026-02-09 17:59:48', 1991058483334778881);
INSERT INTO `sys_permission` VALUES (2020799785907953665, 'GET:/page/all', 'GET:/page/all', '2026-02-09 17:59:48', '2026-02-09 17:59:48', 1991058483334778881);
INSERT INTO `sys_permission` VALUES (2020799785975062530, 'POST:/page/:id/permission/:id', 'POST:/page/:id/permission/:id', '2026-02-09 17:59:48', '2026-02-09 17:59:48', 1991058483334778881);
INSERT INTO `sys_permission` VALUES (2020799786037977090, 'PUT:/page/:id/permission', 'PUT:/page/:id/permission', '2026-02-09 17:59:48', '2026-02-09 17:59:48', 1991058483334778881);
INSERT INTO `sys_permission` VALUES (2020799786105085954, 'POST:/page/user', 'POST:/page/user', '2026-02-09 17:59:48', '2026-02-09 17:59:48', 1991058483334778881);
INSERT INTO `sys_permission` VALUES (2020799786168000513, 'POST:/log', 'POST:/log', '2026-02-09 17:59:48', '2026-02-09 17:59:48', 1991058483334778881);
INSERT INTO `sys_permission` VALUES (2020799786239303681, 'GET:/inventory/list', 'GET:/inventory/list', '2026-02-09 17:59:48', '2026-02-09 17:59:48', 1991058483334778881);
INSERT INTO `sys_permission` VALUES (2020799786302218241, 'GET:/inventory/:id', 'GET:/inventory/:id', '2026-02-09 17:59:48', '2026-02-09 17:59:48', 1991058483334778881);
INSERT INTO `sys_permission` VALUES (2020799786373521410, 'POST:/inventory/update', 'POST:/inventory/update', '2026-02-09 17:59:48', '2026-02-09 17:59:48', 1991058483334778881);
INSERT INTO `sys_permission` VALUES (2020799786436435969, 'POST:/inventory/stock-in', 'POST:/inventory/stock-in', '2026-02-09 17:59:48', '2026-02-09 17:59:48', 1991058483334778881);
INSERT INTO `sys_permission` VALUES (2020799786503544834, 'POST:/inventory/sale-order', 'POST:/inventory/sale-order', '2026-02-09 17:59:48', '2026-02-09 17:59:48', 1991058483334778881);
INSERT INTO `sys_permission` VALUES (2020799786570653697, 'POST:/inventory/sale-return/confirm', 'POST:/inventory/sale-return/confirm', '2026-02-09 17:59:48', '2026-02-09 17:59:48', 1991058483334778881);
INSERT INTO `sys_permission` VALUES (2020799786637762561, 'GET:/api/inventory/detail/list', 'GET:/api/inventory/detail/list', '2026-02-09 17:59:48', '2026-02-09 17:59:48', 1991058483334778881);
INSERT INTO `sys_permission` VALUES (2020799786704871426, 'GET:/api/inventory/detail/:id', 'GET:/api/inventory/detail/:id', '2026-02-09 17:59:48', '2026-02-09 17:59:48', 1991058483334778881);
INSERT INTO `sys_permission` VALUES (2020799786767785986, 'GET:/amount/order/list', 'GET:/amount/order/list', '2026-02-09 17:59:48', '2026-02-09 17:59:48', 1991058483334778881);
INSERT INTO `sys_permission` VALUES (2020799786834894849, 'GET:/amount/order/list/payer', 'GET:/amount/order/list/payer', '2026-02-09 17:59:48', '2026-02-09 17:59:48', 1991058483334778881);
INSERT INTO `sys_permission` VALUES (2020799786897809409, 'GET:/amount/order/list/payee', 'GET:/amount/order/list/payee', '2026-02-09 17:59:48', '2026-02-09 17:59:48', 1991058483334778881);
INSERT INTO `sys_permission` VALUES (2020799786964918274, 'GET:/amount/order/:id', 'GET:/amount/order/:id', '2026-02-09 17:59:48', '2026-02-09 17:59:48', 1991058483334778881);
INSERT INTO `sys_permission` VALUES (2020799786964918275, 'POST:/amount/order/payorder/:id', 'POST:/amount/order/payorder/:id', '2026-02-09 17:59:48', '2026-02-09 17:59:48', 1991058483334778881);
INSERT INTO `sys_permission` VALUES (2020799787032027137, 'POST:/amount/order/cancelorder/:id', 'POST:/amount/order/cancelorder/:id', '2026-02-09 17:59:48', '2026-02-09 17:59:48', 1991058483334778881);
INSERT INTO `sys_permission` VALUES (2020799787099136001, 'POST:/amount/order/notify', 'POST:/amount/order/notify', '2026-02-09 17:59:48', '2026-02-09 17:59:48', 1991058483334778881);
INSERT INTO `sys_permission` VALUES (2020874840725651457, 'user:add', 'user:add', '2026-02-09 22:58:02', '2026-02-09 22:58:02', 1991058483334778881);
INSERT INTO `sys_permission` VALUES (2020874841115721730, 'user:edit', 'user:edit', '2026-02-09 22:58:02', '2026-02-09 22:58:02', 1991058483334778881);
INSERT INTO `sys_permission` VALUES (2020874841182830593, 'user:delete', 'user:delete', '2026-02-09 22:58:02', '2026-02-09 22:58:02', 1991058483334778881);
INSERT INTO `sys_permission` VALUES (2020874841249939458, 'user:reset-password', 'user:reset-password', '2026-02-09 22:58:02', '2026-02-09 22:58:02', 1991058483334778881);
INSERT INTO `sys_permission` VALUES (2020874841317048322, 'role:add', 'role:add', '2026-02-09 22:58:02', '2026-02-09 22:58:02', 1991058483334778881);
INSERT INTO `sys_permission` VALUES (2020874841379962881, 'role:edit', 'role:edit', '2026-02-09 22:58:02', '2026-02-09 22:58:02', 1991058483334778881);
INSERT INTO `sys_permission` VALUES (2020874841451266050, 'role:delete', 'role:delete', '2026-02-09 22:58:02', '2026-02-09 22:58:02', 1991058483334778881);
INSERT INTO `sys_permission` VALUES (2020874841522569218, 'product:add', 'product:add', '2026-02-09 22:58:02', '2026-02-09 22:58:02', 1991058483334778881);
INSERT INTO `sys_permission` VALUES (2020874841581289474, 'product:edit', 'product:edit', '2026-02-09 22:58:02', '2026-02-09 22:58:02', 1991058483334778881);
INSERT INTO `sys_permission` VALUES (2020874841648398338, 'product:delete', 'product:delete', '2026-02-09 22:58:02', '2026-02-09 22:58:02', 1991058483334778881);
INSERT INTO `sys_permission` VALUES (2020874841715507201, 'product:update', 'product:update', '2026-02-09 22:58:02', '2026-02-09 22:58:02', 1991058483334778881);
INSERT INTO `sys_permission` VALUES (2020874841782616065, 'warehouse:add', 'warehouse:add', '2026-02-09 22:58:02', '2026-02-09 22:58:02', 1991058483334778881);
INSERT INTO `sys_permission` VALUES (2020874841845530625, 'warehouse:edit', 'warehouse:edit', '2026-02-09 22:58:02', '2026-02-09 22:58:02', 1991058483334778881);
INSERT INTO `sys_permission` VALUES (2020874841912639490, 'warehouse:delete', 'warehouse:delete', '2026-02-09 22:58:03', '2026-02-09 22:58:03', 1991058483334778881);
INSERT INTO `sys_permission` VALUES (2020874841975554049, 'purchase:order:add', 'purchase:order:add', '2026-02-09 22:58:03', '2026-02-09 22:58:03', 1991058483334778881);
INSERT INTO `sys_permission` VALUES (2020874842042662913, 'purchase:order:ship', 'purchase:order:ship', '2026-02-09 22:58:03', '2026-02-09 22:58:03', 1991058483334778881);
INSERT INTO `sys_permission` VALUES (2020874842105577473, 'purchase:order:stock-in', 'purchase:order:stock-in', '2026-02-09 22:58:03', '2026-02-09 22:58:03', 1991058483334778881);
INSERT INTO `sys_permission` VALUES (2020874842168492034, 'sale:order:create', 'sale:order:create', '2026-02-09 22:58:03', '2026-02-09 22:58:03', 1991058483334778881);
INSERT INTO `sys_permission` VALUES (2020874842235600898, 'sale:order:confirm', 'sale:order:confirm', '2026-02-09 22:58:03', '2026-02-09 22:58:03', 1991058483334778881);
INSERT INTO `sys_permission` VALUES (2020874842298515458, 'inventory:sale-order:ship', 'inventory:sale-order:ship', '2026-02-09 22:58:03', '2026-02-09 22:58:03', 1991058483334778881);
INSERT INTO `sys_permission` VALUES (2020874842365624321, 'sale:return:add', 'sale:return:add', '2026-02-09 22:58:03', '2026-02-09 22:58:03', 1991058483334778881);
INSERT INTO `sys_permission` VALUES (2020876934429990913, 'GET:/purchase/order/supplier/list', 'GET:/purchase/order/supplier/list', '2026-02-09 23:06:21', '2026-02-09 23:06:21', 1991058483334778881);
INSERT INTO `sys_permission` VALUES (2021050163199098881, 'inventory:update', 'inventory:update', '2026-02-10 10:34:42', '2026-02-10 10:34:42', 1991058483334778881);
INSERT INTO `sys_permission` VALUES (2021053301071187970, 'purchase:return:add', 'purchase:return:add', '2026-02-10 10:47:10', '2026-02-10 10:47:10', 1991058483334778881);
INSERT INTO `sys_permission` VALUES (2021060385401663489, 'purchase:return:confirm', 'purchase:return:confirm', '2026-02-10 11:15:20', '2026-02-10 11:15:20', 1991058483334778881);
INSERT INTO `sys_permission` VALUES (2021127150911574017, 'inventory:sale-return:confirm', 'inventory:sale-return:confirm', '2026-02-10 15:40:38', '2026-02-10 15:40:38', 1991058483334778881);

-- ----------------------------
-- Table structure for sys_product
-- ----------------------------
DROP TABLE IF EXISTS `sys_product`;
CREATE TABLE `sys_product`  (
  `id` bigint(20) NOT NULL AUTO_INCREMENT COMMENT '商品ID',
  `name` varchar(128) CHARACTER SET utf8mb4 COLLATE utf8mb4_0900_ai_ci NOT NULL COMMENT '商品名称',
  `description` varchar(200) CHARACTER SET utf8mb4 COLLATE utf8mb4_0900_ai_ci NULL DEFAULT NULL COMMENT '商品描述',
  `url` varchar(512) CHARACTER SET utf8mb4 COLLATE utf8mb4_0900_ai_ci NULL DEFAULT NULL COMMENT '商品图片',
  `supplierId` bigint(20) NOT NULL COMMENT '供应商账号ID',
  `price` decimal(10, 2) NOT NULL COMMENT '售价',
  `status` tinyint(4) NOT NULL DEFAULT 1 COMMENT '状态（0-下架`，1-上架）',
  `createTime` datetime NOT NULL DEFAULT CURRENT_TIMESTAMP COMMENT '创建时间',
  `updateTime` datetime NOT NULL DEFAULT CURRENT_TIMESTAMP ON UPDATE CURRENT_TIMESTAMP COMMENT '更新时间',
  PRIMARY KEY (`id`) USING BTREE
) ENGINE = InnoDB AUTO_INCREMENT = 2021137011959287811 CHARACTER SET = utf8mb4 COLLATE = utf8mb4_0900_ai_ci COMMENT = '商品表' ROW_FORMAT = Dynamic;

-- ----------------------------
-- Records of sys_product
-- ----------------------------
INSERT INTO `sys_product` VALUES (2020798723117420545, '邱肉瑶同款马甲，低价出', '', 'https://img.alicdn.com/bao/uploaded/i4/O1CN01shpoEh1UZFThg8tI0_!!4611686018427382259-0-fleamarket.jpg_790x10000Q90.jpg_.webp', 2020798136963436545, 50.00, 1, '2026-02-09 17:55:34', '2026-02-09 17:55:34');
INSERT INTO `sys_product` VALUES (2021137011959287810, '双面卸扣托车臂，拖车环，方口通用拖车臂', '双面卸扣托车臂，拖车环，方口通用拖车臂。\n\n适配国标方口通用。拉力大，不生锈。\n\n每款价格不同，直接拍下不发货。', 'https://img.alicdn.com/bao/uploaded/i3/O1CN01ZRPuye1SaVHpWhz45_!!53-fleamarket.heic_790x10000Q90.jpg_.webp', 2020798136963436545, 129.00, 1, '2026-02-10 16:19:49', '2026-02-10 16:19:49');

-- ----------------------------
-- Table structure for sys_purchase_order
-- ----------------------------
DROP TABLE IF EXISTS `sys_purchase_order`;
CREATE TABLE `sys_purchase_order`  (
  `id` bigint(20) NOT NULL AUTO_INCREMENT COMMENT '采购订单ID',
  `storeId` bigint(20) NOT NULL COMMENT '门店ID',
  `supplierId` bigint(20) NOT NULL COMMENT '供应商ID',
  `productId` bigint(20) NOT NULL COMMENT '商品ID',
  `productName` varchar(128) CHARACTER SET utf8mb4 COLLATE utf8mb4_0900_ai_ci NOT NULL COMMENT '商品名称',
  `productUrl` varchar(512) CHARACTER SET utf8mb4 COLLATE utf8mb4_0900_ai_ci NULL DEFAULT NULL COMMENT '商品图片',
  `productDescription` varchar(200) CHARACTER SET utf8mb4 COLLATE utf8mb4_0900_ai_ci NULL DEFAULT NULL COMMENT '商品描述',
  `productPrice` decimal(10, 2) NOT NULL COMMENT '采购单价',
  `productQuantity` int(11) NOT NULL COMMENT '采购数量',
  `totalAmount` decimal(12, 2) NOT NULL COMMENT '明细总金额',
  `status` tinyint(4) NOT NULL COMMENT '状态（0-待发货，1-已发货，2-已入库）',
  `type` tinyint(4) NOT NULL DEFAULT 0 COMMENT '类型（0-手动发起，1-阈值触发）',
  `createTime` datetime NOT NULL DEFAULT CURRENT_TIMESTAMP COMMENT '创建时间',
  `updateTime` datetime NOT NULL DEFAULT CURRENT_TIMESTAMP ON UPDATE CURRENT_TIMESTAMP COMMENT '更新时间',
  `createBy` bigint(20) NULL DEFAULT NULL COMMENT '创建人ID',
  PRIMARY KEY (`id`) USING BTREE
) ENGINE = InnoDB AUTO_INCREMENT = 2021137110298939394 CHARACTER SET = utf8mb4 COLLATE = utf8mb4_0900_ai_ci COMMENT = '采购订单表' ROW_FORMAT = Dynamic;

-- ----------------------------
-- Records of sys_purchase_order
-- ----------------------------
INSERT INTO `sys_purchase_order` VALUES (2020788362301599746, 2012451295549087746, 2018357787859034114, 2020724052829286402, '玲娜贝儿人偶服迪士尼乐园玩偶服行走人偶卡通人偶租售', 'https://img.alicdn.com/bao/uploaded/i2/O1CN01e3z9xL1yuG5Skw1nA_!!0-fleamarket.jpg_790x10000Q90.jpg_.webp', '', 288.00, 1, 288.00, 0, 0, '2026-02-09 17:14:24', '2026-02-09 17:14:24', 2018357787859034114);
INSERT INTO `sys_purchase_order` VALUES (2020875651081961474, 2012451295549087746, 2020798136963436545, 2020798723117420545, '邱肉瑶同款马甲，低价出', 'https://img.alicdn.com/bao/uploaded/i4/O1CN01shpoEh1UZFThg8tI0_!!4611686018427382259-0-fleamarket.jpg_790x10000Q90.jpg_.webp', '', 50.00, 100, 5000.00, 0, 0, '2026-02-09 23:01:15', '2026-02-09 23:01:15', 2018357787859034114);
INSERT INTO `sys_purchase_order` VALUES (2020889007675367425, 2012451295549087746, 2020798136963436545, 2020798723117420545, '邱肉瑶同款马甲，低价出', 'https://img.alicdn.com/bao/uploaded/i4/O1CN01shpoEh1UZFThg8tI0_!!4611686018427382259-0-fleamarket.jpg_790x10000Q90.jpg_.webp', '', 50.00, 100, 5000.00, 2, 0, '2026-02-09 23:54:20', '2026-02-09 23:54:20', 2020884645016145921);
INSERT INTO `sys_purchase_order` VALUES (2021044425168920578, 2012451295549087746, 2020798136963436545, 2020798723117420545, '邱肉瑶同款马甲，低价出', 'https://img.alicdn.com/bao/uploaded/i4/O1CN01shpoEh1UZFThg8tI0_!!4611686018427382259-0-fleamarket.jpg_790x10000Q90.jpg_.webp', '', 50.00, 1, 50.00, 2, 0, '2026-02-10 10:11:54', '2026-02-10 10:11:54', 2020884645016145921);
INSERT INTO `sys_purchase_order` VALUES (2021048565530030081, 2012451295549087746, 2020798136963436545, 2020798723117420545, '邱肉瑶同款马甲，低价出', 'https://img.alicdn.com/bao/uploaded/i4/O1CN01shpoEh1UZFThg8tI0_!!4611686018427382259-0-fleamarket.jpg_790x10000Q90.jpg_.webp', '', 50.00, 1, 50.00, 2, 0, '2026-02-10 10:28:21', '2026-02-10 10:28:21', 2020884645016145921);
INSERT INTO `sys_purchase_order` VALUES (2021050316786122754, 2012451295549087746, 2020798136963436545, 2020798723117420545, '邱肉瑶同款马甲，低价出', 'https://img.alicdn.com/bao/uploaded/i4/O1CN01shpoEh1UZFThg8tI0_!!4611686018427382259-0-fleamarket.jpg_790x10000Q90.jpg_.webp', '', 50.00, 1, 50.00, 2, 0, '2026-02-10 10:35:19', '2026-02-10 10:35:19', 2020884645016145921);
INSERT INTO `sys_purchase_order` VALUES (2021054010063839233, 2012451295549087746, 2020798136963436545, 2020798723117420545, '邱肉瑶同款马甲，低价出', 'https://img.alicdn.com/bao/uploaded/i4/O1CN01shpoEh1UZFThg8tI0_!!4611686018427382259-0-fleamarket.jpg_790x10000Q90.jpg_.webp', '', 50.00, 97, 4850.00, 2, 1, '2026-02-10 10:50:00', '2026-02-10 10:50:00', 1991058483334778881);
INSERT INTO `sys_purchase_order` VALUES (2021056526700711937, 2012451295549087746, 2020798136963436545, 2020798723117420545, '邱肉瑶同款马甲，低价出', 'https://img.alicdn.com/bao/uploaded/i4/O1CN01shpoEh1UZFThg8tI0_!!4611686018427382259-0-fleamarket.jpg_790x10000Q90.jpg_.webp', '', 50.00, 97, 4850.00, 2, 1, '2026-02-10 11:00:00', '2026-02-10 11:00:00', 1991058483334778881);
INSERT INTO `sys_purchase_order` VALUES (2021059043245334529, 2012451295549087746, 2020798136963436545, 2020798723117420545, '邱肉瑶同款马甲，低价出', 'https://img.alicdn.com/bao/uploaded/i4/O1CN01shpoEh1UZFThg8tI0_!!4611686018427382259-0-fleamarket.jpg_790x10000Q90.jpg_.webp', '', 50.00, 97, 4850.00, 2, 1, '2026-02-10 11:10:00', '2026-02-10 11:10:00', 1991058483334778881);
INSERT INTO `sys_purchase_order` VALUES (2021061559899082754, 2012451295549087746, 2020798136963436545, 2020798723117420545, '邱肉瑶同款马甲，低价出', 'https://img.alicdn.com/bao/uploaded/i4/O1CN01shpoEh1UZFThg8tI0_!!4611686018427382259-0-fleamarket.jpg_790x10000Q90.jpg_.webp', '', 50.00, 97, 4850.00, 1, 1, '2026-02-10 11:20:00', '2026-02-10 11:20:00', 1991058483334778881);
INSERT INTO `sys_purchase_order` VALUES (2021064076376604673, 2012451295549087746, 2020798136963436545, 2020798723117420545, '邱肉瑶同款马甲，低价出', 'https://img.alicdn.com/bao/uploaded/i4/O1CN01shpoEh1UZFThg8tI0_!!4611686018427382259-0-fleamarket.jpg_790x10000Q90.jpg_.webp', '', 50.00, 97, 4850.00, 0, 1, '2026-02-10 11:30:00', '2026-02-10 11:30:00', 1991058483334778881);
INSERT INTO `sys_purchase_order` VALUES (2021069109642059777, 2012451295549087746, 2020798136963436545, 2020798723117420545, '邱肉瑶同款马甲，低价出', 'https://img.alicdn.com/bao/uploaded/i4/O1CN01shpoEh1UZFThg8tI0_!!4611686018427382259-0-fleamarket.jpg_790x10000Q90.jpg_.webp', '', 50.00, 799, 39950.00, 0, 1, '2026-02-10 11:50:00', '2026-02-10 11:50:00', 1991058483334778881);
INSERT INTO `sys_purchase_order` VALUES (2021069109939855362, 2012451295549087746, 2020798136963436545, 2020798723117420545, '邱肉瑶同款马甲，低价出', 'https://img.alicdn.com/bao/uploaded/i4/O1CN01shpoEh1UZFThg8tI0_!!4611686018427382259-0-fleamarket.jpg_790x10000Q90.jpg_.webp', '', 50.00, 905, 45250.00, 0, 1, '2026-02-10 11:50:00', '2026-02-10 11:50:00', 1991058483334778881);
INSERT INTO `sys_purchase_order` VALUES (2021071626056687617, 2012451295549087746, 2020798136963436545, 2020798723117420545, '邱肉瑶同款马甲，低价出', 'https://img.alicdn.com/bao/uploaded/i4/O1CN01shpoEh1UZFThg8tI0_!!4611686018427382259-0-fleamarket.jpg_790x10000Q90.jpg_.webp', '', 50.00, 799, 39950.00, 0, 1, '2026-02-10 12:00:00', '2026-02-10 12:00:00', 1991058483334778881);
INSERT INTO `sys_purchase_order` VALUES (2021071626316734466, 2012451295549087746, 2020798136963436545, 2020798723117420545, '邱肉瑶同款马甲，低价出', 'https://img.alicdn.com/bao/uploaded/i4/O1CN01shpoEh1UZFThg8tI0_!!4611686018427382259-0-fleamarket.jpg_790x10000Q90.jpg_.webp', '', 50.00, 905, 45250.00, 0, 1, '2026-02-10 12:00:00', '2026-02-10 12:00:00', 1991058483334778881);
INSERT INTO `sys_purchase_order` VALUES (2021074142655864834, 2012451295549087746, 2020798136963436545, 2020798723117420545, '邱肉瑶同款马甲，低价出', 'https://img.alicdn.com/bao/uploaded/i4/O1CN01shpoEh1UZFThg8tI0_!!4611686018427382259-0-fleamarket.jpg_790x10000Q90.jpg_.webp', '', 50.00, 799, 39950.00, 0, 1, '2026-02-10 12:10:00', '2026-02-10 12:10:00', 1991058483334778881);
INSERT INTO `sys_purchase_order` VALUES (2021074143050129409, 2012451295549087746, 2020798136963436545, 2020798723117420545, '邱肉瑶同款马甲，低价出', 'https://img.alicdn.com/bao/uploaded/i4/O1CN01shpoEh1UZFThg8tI0_!!4611686018427382259-0-fleamarket.jpg_790x10000Q90.jpg_.webp', '', 50.00, 905, 45250.00, 0, 1, '2026-02-10 12:10:00', '2026-02-10 12:10:00', 1991058483334778881);
INSERT INTO `sys_purchase_order` VALUES (2021076659221487617, 2012451295549087746, 2020798136963436545, 2020798723117420545, '邱肉瑶同款马甲，低价出', 'https://img.alicdn.com/bao/uploaded/i4/O1CN01shpoEh1UZFThg8tI0_!!4611686018427382259-0-fleamarket.jpg_790x10000Q90.jpg_.webp', '', 50.00, 799, 39950.00, 0, 1, '2026-02-10 12:20:00', '2026-02-10 12:20:00', 1991058483334778881);
INSERT INTO `sys_purchase_order` VALUES (2021076659615752194, 2012451295549087746, 2020798136963436545, 2020798723117420545, '邱肉瑶同款马甲，低价出', 'https://img.alicdn.com/bao/uploaded/i4/O1CN01shpoEh1UZFThg8tI0_!!4611686018427382259-0-fleamarket.jpg_790x10000Q90.jpg_.webp', '', 50.00, 905, 45250.00, 0, 1, '2026-02-10 12:20:00', '2026-02-10 12:20:00', 1991058483334778881);
INSERT INTO `sys_purchase_order` VALUES (2021079175824859137, 2012451295549087746, 2020798136963436545, 2020798723117420545, '邱肉瑶同款马甲，低价出', 'https://img.alicdn.com/bao/uploaded/i4/O1CN01shpoEh1UZFThg8tI0_!!4611686018427382259-0-fleamarket.jpg_790x10000Q90.jpg_.webp', '', 50.00, 799, 39950.00, 0, 1, '2026-02-10 12:30:00', '2026-02-10 12:30:00', 1991058483334778881);
INSERT INTO `sys_purchase_order` VALUES (2021079175959076865, 2012451295549087746, 2020798136963436545, 2020798723117420545, '邱肉瑶同款马甲，低价出', 'https://img.alicdn.com/bao/uploaded/i4/O1CN01shpoEh1UZFThg8tI0_!!4611686018427382259-0-fleamarket.jpg_790x10000Q90.jpg_.webp', '', 50.00, 905, 45250.00, 0, 1, '2026-02-10 12:30:00', '2026-02-10 12:30:00', 1991058483334778881);
INSERT INTO `sys_purchase_order` VALUES (2021081692394676226, 2012451295549087746, 2020798136963436545, 2020798723117420545, '邱肉瑶同款马甲，低价出', 'https://img.alicdn.com/bao/uploaded/i4/O1CN01shpoEh1UZFThg8tI0_!!4611686018427382259-0-fleamarket.jpg_790x10000Q90.jpg_.webp', '', 50.00, 799, 39950.00, 0, 1, '2026-02-10 12:40:00', '2026-02-10 12:40:00', 1991058483334778881);
INSERT INTO `sys_purchase_order` VALUES (2021081692461785090, 2012451295549087746, 2020798136963436545, 2020798723117420545, '邱肉瑶同款马甲，低价出', 'https://img.alicdn.com/bao/uploaded/i4/O1CN01shpoEh1UZFThg8tI0_!!4611686018427382259-0-fleamarket.jpg_790x10000Q90.jpg_.webp', '', 50.00, 905, 45250.00, 0, 1, '2026-02-10 12:40:00', '2026-02-10 12:40:00', 1991058483334778881);
INSERT INTO `sys_purchase_order` VALUES (2021084208993853441, 2012451295549087746, 2020798136963436545, 2020798723117420545, '邱肉瑶同款马甲，低价出', 'https://img.alicdn.com/bao/uploaded/i4/O1CN01shpoEh1UZFThg8tI0_!!4611686018427382259-0-fleamarket.jpg_790x10000Q90.jpg_.webp', '', 50.00, 799, 39950.00, 0, 1, '2026-02-10 12:50:00', '2026-02-10 12:50:00', 1991058483334778881);
INSERT INTO `sys_purchase_order` VALUES (2021084209128071169, 2012451295549087746, 2020798136963436545, 2020798723117420545, '邱肉瑶同款马甲，低价出', 'https://img.alicdn.com/bao/uploaded/i4/O1CN01shpoEh1UZFThg8tI0_!!4611686018427382259-0-fleamarket.jpg_790x10000Q90.jpg_.webp', '', 50.00, 905, 45250.00, 0, 1, '2026-02-10 12:50:00', '2026-02-10 12:50:00', 1991058483334778881);
INSERT INTO `sys_purchase_order` VALUES (2021086725572059138, 2012451295549087746, 2020798136963436545, 2020798723117420545, '邱肉瑶同款马甲，低价出', 'https://img.alicdn.com/bao/uploaded/i4/O1CN01shpoEh1UZFThg8tI0_!!4611686018427382259-0-fleamarket.jpg_790x10000Q90.jpg_.webp', '', 50.00, 799, 39950.00, 0, 1, '2026-02-10 13:00:00', '2026-02-10 13:00:00', 1991058483334778881);
INSERT INTO `sys_purchase_order` VALUES (2021086725634973698, 2012451295549087746, 2020798136963436545, 2020798723117420545, '邱肉瑶同款马甲，低价出', 'https://img.alicdn.com/bao/uploaded/i4/O1CN01shpoEh1UZFThg8tI0_!!4611686018427382259-0-fleamarket.jpg_790x10000Q90.jpg_.webp', '', 50.00, 905, 45250.00, 0, 1, '2026-02-10 13:00:00', '2026-02-10 13:00:00', 1991058483334778881);
INSERT INTO `sys_purchase_order` VALUES (2021089242158653441, 2012451295549087746, 2020798136963436545, 2020798723117420545, '邱肉瑶同款马甲，低价出', 'https://img.alicdn.com/bao/uploaded/i4/O1CN01shpoEh1UZFThg8tI0_!!4611686018427382259-0-fleamarket.jpg_790x10000Q90.jpg_.webp', '', 50.00, 799, 39950.00, 0, 1, '2026-02-10 13:10:00', '2026-02-10 13:10:00', 1991058483334778881);
INSERT INTO `sys_purchase_order` VALUES (2021089242221568001, 2012451295549087746, 2020798136963436545, 2020798723117420545, '邱肉瑶同款马甲，低价出', 'https://img.alicdn.com/bao/uploaded/i4/O1CN01shpoEh1UZFThg8tI0_!!4611686018427382259-0-fleamarket.jpg_790x10000Q90.jpg_.webp', '', 50.00, 905, 45250.00, 0, 1, '2026-02-10 13:10:00', '2026-02-10 13:10:00', 1991058483334778881);
INSERT INTO `sys_purchase_order` VALUES (2021091758720081922, 2012451295549087746, 2020798136963436545, 2020798723117420545, '邱肉瑶同款马甲，低价出', 'https://img.alicdn.com/bao/uploaded/i4/O1CN01shpoEh1UZFThg8tI0_!!4611686018427382259-0-fleamarket.jpg_790x10000Q90.jpg_.webp', '', 50.00, 799, 39950.00, 0, 1, '2026-02-10 13:20:00', '2026-02-10 13:20:00', 1991058483334778881);
INSERT INTO `sys_purchase_order` VALUES (2021091758850105345, 2012451295549087746, 2020798136963436545, 2020798723117420545, '邱肉瑶同款马甲，低价出', 'https://img.alicdn.com/bao/uploaded/i4/O1CN01shpoEh1UZFThg8tI0_!!4611686018427382259-0-fleamarket.jpg_790x10000Q90.jpg_.webp', '', 50.00, 905, 45250.00, 0, 1, '2026-02-10 13:20:00', '2026-02-10 13:20:00', 1991058483334778881);
INSERT INTO `sys_purchase_order` VALUES (2021094275323453442, 2012451295549087746, 2020798136963436545, 2020798723117420545, '邱肉瑶同款马甲，低价出', 'https://img.alicdn.com/bao/uploaded/i4/O1CN01shpoEh1UZFThg8tI0_!!4611686018427382259-0-fleamarket.jpg_790x10000Q90.jpg_.webp', '', 50.00, 799, 39950.00, 0, 1, '2026-02-10 13:30:00', '2026-02-10 13:30:00', 1991058483334778881);
INSERT INTO `sys_purchase_order` VALUES (2021094275784826882, 2012451295549087746, 2020798136963436545, 2020798723117420545, '邱肉瑶同款马甲，低价出', 'https://img.alicdn.com/bao/uploaded/i4/O1CN01shpoEh1UZFThg8tI0_!!4611686018427382259-0-fleamarket.jpg_790x10000Q90.jpg_.webp', '', 50.00, 905, 45250.00, 0, 1, '2026-02-10 13:30:00', '2026-02-10 13:30:00', 1991058483334778881);
INSERT INTO `sys_purchase_order` VALUES (2021096791905853441, 2012451295549087746, 2020798136963436545, 2020798723117420545, '邱肉瑶同款马甲，低价出', 'https://img.alicdn.com/bao/uploaded/i4/O1CN01shpoEh1UZFThg8tI0_!!4611686018427382259-0-fleamarket.jpg_790x10000Q90.jpg_.webp', '', 50.00, 799, 39950.00, 0, 1, '2026-02-10 13:40:00', '2026-02-10 13:40:00', 1991058483334778881);
INSERT INTO `sys_purchase_order` VALUES (2021096792165900290, 2012451295549087746, 2020798136963436545, 2020798723117420545, '邱肉瑶同款马甲，低价出', 'https://img.alicdn.com/bao/uploaded/i4/O1CN01shpoEh1UZFThg8tI0_!!4611686018427382259-0-fleamarket.jpg_790x10000Q90.jpg_.webp', '', 50.00, 905, 45250.00, 0, 1, '2026-02-10 13:40:00', '2026-02-10 13:40:00', 1991058483334778881);
INSERT INTO `sys_purchase_order` VALUES (2021099308509224961, 2012451295549087746, 2020798136963436545, 2020798723117420545, '邱肉瑶同款马甲，低价出', 'https://img.alicdn.com/bao/uploaded/i4/O1CN01shpoEh1UZFThg8tI0_!!4611686018427382259-0-fleamarket.jpg_790x10000Q90.jpg_.webp', '', 50.00, 799, 39950.00, 0, 1, '2026-02-10 13:50:00', '2026-02-10 13:50:00', 1991058483334778881);
INSERT INTO `sys_purchase_order` VALUES (2021099308576333826, 2012451295549087746, 2020798136963436545, 2020798723117420545, '邱肉瑶同款马甲，低价出', 'https://img.alicdn.com/bao/uploaded/i4/O1CN01shpoEh1UZFThg8tI0_!!4611686018427382259-0-fleamarket.jpg_790x10000Q90.jpg_.webp', '', 50.00, 905, 45250.00, 0, 1, '2026-02-10 13:50:00', '2026-02-10 13:50:00', 1991058483334778881);
INSERT INTO `sys_purchase_order` VALUES (2021101825188085762, 2012451295549087746, 2020798136963436545, 2020798723117420545, '邱肉瑶同款马甲，低价出', 'https://img.alicdn.com/bao/uploaded/i4/O1CN01shpoEh1UZFThg8tI0_!!4611686018427382259-0-fleamarket.jpg_790x10000Q90.jpg_.webp', '', 50.00, 799, 39950.00, 0, 1, '2026-02-10 14:00:00', '2026-02-10 14:00:00', 1991058483334778881);
INSERT INTO `sys_purchase_order` VALUES (2021101825376829442, 2012451295549087746, 2020798136963436545, 2020798723117420545, '邱肉瑶同款马甲，低价出', 'https://img.alicdn.com/bao/uploaded/i4/O1CN01shpoEh1UZFThg8tI0_!!4611686018427382259-0-fleamarket.jpg_790x10000Q90.jpg_.webp', '', 50.00, 905, 45250.00, 0, 1, '2026-02-10 14:00:00', '2026-02-10 14:00:00', 1991058483334778881);
INSERT INTO `sys_purchase_order` VALUES (2021137110298939393, 2012451295549087746, 2020798136963436545, 2021137011959287810, '双面卸扣托车臂，拖车环，方口通用拖车臂', 'https://img.alicdn.com/bao/uploaded/i3/O1CN01ZRPuye1SaVHpWhz45_!!53-fleamarket.heic_790x10000Q90.jpg_.webp', '双面卸扣托车臂，拖车环，方口通用拖车臂。\n\n适配国标方口通用。拉力大，不生锈。\n\n每款价格不同，直接拍下不发货。', 129.00, 10, 1290.00, 2, 0, '2026-02-10 16:20:12', '2026-02-10 16:20:12', 2020884645016145921);

-- ----------------------------
-- Table structure for sys_purchase_return
-- ----------------------------
DROP TABLE IF EXISTS `sys_purchase_return`;
CREATE TABLE `sys_purchase_return`  (
  `id` bigint(20) NOT NULL AUTO_INCREMENT COMMENT '退货单ID',
  `productId` bigint(20) NOT NULL COMMENT '商品ID',
  `productName` varchar(128) CHARACTER SET utf8mb4 COLLATE utf8mb4_0900_ai_ci NOT NULL COMMENT '商品名称',
  `productUrl` varchar(512) CHARACTER SET utf8mb4 COLLATE utf8mb4_0900_ai_ci NULL DEFAULT NULL COMMENT '商品图片',
  `productDescription` varchar(200) CHARACTER SET utf8mb4 COLLATE utf8mb4_0900_ai_ci NULL DEFAULT NULL COMMENT '商品描述',
  `productPrice` decimal(10, 2) NOT NULL COMMENT '退货单价',
  `productQuantity` int(11) NOT NULL COMMENT '退货数量',
  `storeId` bigint(20) NOT NULL COMMENT '门店ID',
  `supplierId` bigint(20) NOT NULL COMMENT '供应商ID',
  `totalAmount` decimal(12, 2) NOT NULL COMMENT '退货总金额',
  `status` tinyint(4) NOT NULL COMMENT '状态（0-未完成，1-已完成）',
  `createTime` datetime NOT NULL DEFAULT CURRENT_TIMESTAMP COMMENT '创建时间',
  `updateTime` datetime NOT NULL DEFAULT CURRENT_TIMESTAMP ON UPDATE CURRENT_TIMESTAMP COMMENT '更新时间',
  `createBy` bigint(20) NULL DEFAULT NULL COMMENT '创建人ID',
  `warehouseId` bigint(20) NOT NULL COMMENT '仓库ID',
  PRIMARY KEY (`id`) USING BTREE
) ENGINE = InnoDB AUTO_INCREMENT = 2021056785581514755 CHARACTER SET = utf8mb4 COLLATE = utf8mb4_0900_ai_ci COMMENT = '采购退货表' ROW_FORMAT = Dynamic;

-- ----------------------------
-- Records of sys_purchase_return
-- ----------------------------
INSERT INTO `sys_purchase_return` VALUES (2021056785581514754, 2020798723117420545, '邱肉瑶同款马甲，低价出', 'https://img.alicdn.com/bao/uploaded/i4/O1CN01shpoEh1UZFThg8tI0_!!4611686018427382259-0-fleamarket.jpg_790x10000Q90.jpg_.webp', '', 50.00, 1, 2012451295549087746, 2020798136963436545, 50.00, 1, '2026-02-10 11:01:01', '2026-02-10 11:01:01', NULL, 2020769020683960322);

-- ----------------------------
-- Table structure for sys_role
-- ----------------------------
DROP TABLE IF EXISTS `sys_role`;
CREATE TABLE `sys_role`  (
  `id` bigint(20) NOT NULL AUTO_INCREMENT COMMENT '角色ID',
  `roleName` varchar(50) CHARACTER SET utf8mb4 COLLATE utf8mb4_general_ci NOT NULL COMMENT '角色名称',
  `description` varchar(200) CHARACTER SET utf8mb4 COLLATE utf8mb4_general_ci NULL DEFAULT NULL COMMENT '角色描述',
  `createTime` datetime NOT NULL DEFAULT CURRENT_TIMESTAMP COMMENT '创建时间',
  `updateTime` datetime NOT NULL DEFAULT CURRENT_TIMESTAMP ON UPDATE CURRENT_TIMESTAMP,
  `createBy` bigint(20) NULL DEFAULT NULL COMMENT '创建人ID',
  PRIMARY KEY (`id`) USING BTREE,
  UNIQUE INDEX `roleName`(`roleName` ASC) USING BTREE
) ENGINE = InnoDB AUTO_INCREMENT = 2020883963240419331 CHARACTER SET = utf8mb4 COLLATE = utf8mb4_general_ci COMMENT = '角色表' ROW_FORMAT = Dynamic;

-- ----------------------------
-- Records of sys_role
-- ----------------------------
INSERT INTO `sys_role` VALUES (2018357649161789442, '超级管理员', '超级管理员', '2026-02-03 00:15:37', '2026-02-03 00:15:37', 1991058483334778881);
INSERT INTO `sys_role` VALUES (2018357649279229954, '供应商', '供应商', '2026-02-03 00:15:37', '2026-02-03 00:15:37', 1991058483334778881);
INSERT INTO `sys_role` VALUES (2018357649346338818, '客户', '客户', '2026-02-03 00:15:37', '2026-02-03 00:15:37', 1991058483334778881);
INSERT INTO `sys_role` VALUES (2020883963240419330, '门店管理员', '门店管理员', '2026-02-09 23:34:17', '2026-02-09 23:34:17', 1991058483334778881);

-- ----------------------------
-- Table structure for sys_role_page
-- ----------------------------
DROP TABLE IF EXISTS `sys_role_page`;
CREATE TABLE `sys_role_page`  (
  `roleId` bigint(20) NOT NULL COMMENT '角色ID',
  `pageId` bigint(20) NOT NULL COMMENT '页面ID',
  `grantType` tinyint(4) NOT NULL DEFAULT 1 COMMENT '授权类型：1=访问/显示权限,2=完全控制/管理（可自定义）',
  `createTime` datetime NOT NULL DEFAULT CURRENT_TIMESTAMP,
  `updateTime` datetime NOT NULL DEFAULT CURRENT_TIMESTAMP ON UPDATE CURRENT_TIMESTAMP,
  `createBy` bigint(20) NULL DEFAULT NULL COMMENT '创建人ID',
  UNIQUE INDEX `uk_roleid_pageid`(`roleId` ASC, `pageId` ASC) USING BTREE,
  INDEX `idx_role`(`roleId` ASC) USING BTREE,
  INDEX `idx_page`(`pageId` ASC) USING BTREE
) ENGINE = InnoDB CHARACTER SET = utf8mb4 COLLATE = utf8mb4_0900_ai_ci COMMENT = '角色-页面关联表' ROW_FORMAT = Dynamic;

-- ----------------------------
-- Records of sys_role_page
-- ----------------------------
INSERT INTO `sys_role_page` VALUES (2018357649161789442, 2020736052187824130, 1, '2026-02-09 23:20:40', '2026-02-09 23:20:40', 2018357787859034114);
INSERT INTO `sys_role_page` VALUES (2018357649161789442, 2020736052305264642, 1, '2026-02-09 23:20:40', '2026-02-09 23:20:40', 2018357787859034114);
INSERT INTO `sys_role_page` VALUES (2018357649161789442, 2020736052368179202, 1, '2026-02-09 23:20:40', '2026-02-09 23:20:40', 2018357787859034114);
INSERT INTO `sys_role_page` VALUES (2018357649161789442, 2020736052435288066, 1, '2026-02-09 23:20:40', '2026-02-09 23:20:40', 2018357787859034114);
INSERT INTO `sys_role_page` VALUES (2018357649161789442, 2020736052506591234, 1, '2026-02-09 23:20:40', '2026-02-09 23:20:40', 2018357787859034114);
INSERT INTO `sys_role_page` VALUES (2018357649161789442, 2020736052569505794, 1, '2026-02-09 23:20:40', '2026-02-09 23:20:40', 2018357787859034114);
INSERT INTO `sys_role_page` VALUES (2018357649161789442, 2020736052636614658, 1, '2026-02-09 23:20:40', '2026-02-09 23:20:40', 2018357787859034114);
INSERT INTO `sys_role_page` VALUES (2018357649161789442, 2020736052699529217, 1, '2026-02-09 23:20:40', '2026-02-09 23:20:40', 2018357787859034114);
INSERT INTO `sys_role_page` VALUES (2018357649161789442, 2020736052770832386, 1, '2026-02-09 23:20:40', '2026-02-09 23:20:40', 2018357787859034114);
INSERT INTO `sys_role_page` VALUES (2018357649161789442, 2020736052837941249, 1, '2026-02-09 23:20:40', '2026-02-09 23:20:40', 2018357787859034114);
INSERT INTO `sys_role_page` VALUES (2018357649161789442, 2020736052905050114, 1, '2026-02-09 23:20:40', '2026-02-09 23:20:40', 2018357787859034114);
INSERT INTO `sys_role_page` VALUES (2018357649161789442, 2020736052972158977, 1, '2026-02-09 23:20:40', '2026-02-09 23:20:40', 2018357787859034114);
INSERT INTO `sys_role_page` VALUES (2018357649161789442, 2020736053035073537, 1, '2026-02-09 23:20:40', '2026-02-09 23:20:40', 2018357787859034114);
INSERT INTO `sys_role_page` VALUES (2018357649161789442, 2020736053102182402, 1, '2026-02-09 23:20:40', '2026-02-09 23:20:40', 2018357787859034114);
INSERT INTO `sys_role_page` VALUES (2018357649161789442, 2020736053169291265, 1, '2026-02-09 23:20:40', '2026-02-09 23:20:40', 2018357787859034114);
INSERT INTO `sys_role_page` VALUES (2018357649161789442, 2020736053236400129, 1, '2026-02-09 23:20:40', '2026-02-09 23:20:40', 2018357787859034114);
INSERT INTO `sys_role_page` VALUES (2018357649161789442, 2020736053299314690, 1, '2026-02-09 23:20:40', '2026-02-09 23:20:40', 2018357787859034114);
INSERT INTO `sys_role_page` VALUES (2018357649161789442, 2020736053366423554, 1, '2026-02-09 23:20:40', '2026-02-09 23:20:40', 2018357787859034114);
INSERT INTO `sys_role_page` VALUES (2018357649161789442, 2020736053366423555, 1, '2026-02-09 23:20:40', '2026-02-09 23:20:40', 2018357787859034114);
INSERT INTO `sys_role_page` VALUES (2018357649161789442, 2020736053366423556, 1, '2026-02-09 23:20:40', '2026-02-09 23:20:40', 2018357787859034114);
INSERT INTO `sys_role_page` VALUES (2018357649161789442, 2020736053366423557, 1, '2026-02-09 23:34:17', '2026-02-09 23:34:17', 1991058483334778881);
INSERT INTO `sys_role_page` VALUES (2018357649161789442, 2020736053366423558, 1, '2026-02-09 23:20:40', '2026-02-09 23:20:40', 2018357787859034114);
INSERT INTO `sys_role_page` VALUES (2018357649161789442, 2020876933393997826, 1, '2026-02-09 23:34:17', '2026-02-09 23:34:17', 1991058483334778881);
INSERT INTO `sys_role_page` VALUES (2018357649161789442, 2020905103744733186, 1, '2026-02-10 00:58:18', '2026-02-10 00:58:18', 1991058483334778881);
INSERT INTO `sys_role_page` VALUES (2018357649161789442, 2020905103992197122, 1, '2026-02-10 00:58:18', '2026-02-10 00:58:18', 1991058483334778881);
INSERT INTO `sys_role_page` VALUES (2018357649161789442, 2020905104055111682, 1, '2026-02-10 00:58:18', '2026-02-10 00:58:18', 1991058483334778881);
INSERT INTO `sys_role_page` VALUES (2018357649161789442, 2020905104055111683, 1, '2026-02-10 00:58:18', '2026-02-10 00:58:18', 1991058483334778881);
INSERT INTO `sys_role_page` VALUES (2018357649161789442, 2020905104113831937, 1, '2026-02-10 00:58:18', '2026-02-10 00:58:18', 1991058483334778881);
INSERT INTO `sys_role_page` VALUES (2018357649161789442, 2021060383887519745, 1, '2026-02-10 11:15:19', '2026-02-10 11:15:19', 1991058483334778881);
INSERT INTO `sys_role_page` VALUES (2018357649161789442, 2021107335358492674, 1, '2026-02-10 14:21:53', '2026-02-10 14:21:53', 1991058483334778881);
INSERT INTO `sys_role_page` VALUES (2018357649161789442, 2021107335652093953, 1, '2026-02-10 14:21:53', '2026-02-10 14:21:53', 1991058483334778881);
INSERT INTO `sys_role_page` VALUES (2018357649161789442, 2021112332301320194, 1, '2026-02-10 14:41:45', '2026-02-10 14:41:45', 1991058483334778881);
INSERT INTO `sys_role_page` VALUES (2018357649161789442, 2021125685602099202, 1, '2026-02-10 15:34:48', '2026-02-10 15:34:48', 1991058483334778881);
INSERT INTO `sys_role_page` VALUES (2018357649279229954, 2020736052187824130, 1, '2026-02-09 23:10:40', '2026-02-09 23:10:40', 2018357787859034114);
INSERT INTO `sys_role_page` VALUES (2018357649279229954, 2020736052972158977, 1, '2026-02-09 23:10:40', '2026-02-09 23:10:40', 2018357787859034114);
INSERT INTO `sys_role_page` VALUES (2018357649279229954, 2020736053366423557, 1, '2026-02-09 23:10:40', '2026-02-09 23:10:40', 2018357787859034114);
INSERT INTO `sys_role_page` VALUES (2018357649279229954, 2020876933393997826, 1, '2026-02-09 23:10:40', '2026-02-09 23:10:40', 2018357787859034114);
INSERT INTO `sys_role_page` VALUES (2018357649279229954, 2021060383887519745, 1, '2026-02-10 11:15:19', '2026-02-10 11:15:19', 1991058483334778881);
INSERT INTO `sys_role_page` VALUES (2018357649279229954, 2021107335358492674, 1, '2026-02-10 14:21:53', '2026-02-10 14:21:53', 1991058483334778881);
INSERT INTO `sys_role_page` VALUES (2018357649279229954, 2021107335652093953, 1, '2026-02-10 14:21:53', '2026-02-10 14:21:53', 1991058483334778881);
INSERT INTO `sys_role_page` VALUES (2018357649346338818, 2020736052187824130, 1, '2026-02-10 01:18:56', '2026-02-10 01:18:56', 2018357787859034114);
INSERT INTO `sys_role_page` VALUES (2018357649346338818, 2020736053236400129, 1, '2026-02-10 15:34:48', '2026-02-10 15:34:48', 1991058483334778881);
INSERT INTO `sys_role_page` VALUES (2018357649346338818, 2020736053299314690, 1, '2026-02-10 15:34:48', '2026-02-10 15:34:48', 1991058483334778881);
INSERT INTO `sys_role_page` VALUES (2018357649346338818, 2020736053366423554, 1, '2026-02-10 15:34:48', '2026-02-10 15:34:48', 1991058483334778881);
INSERT INTO `sys_role_page` VALUES (2018357649346338818, 2020736053366423558, 1, '2026-02-10 01:18:56', '2026-02-10 01:18:56', 2018357787859034114);
INSERT INTO `sys_role_page` VALUES (2018357649346338818, 2021107335358492674, 1, '2026-02-10 14:21:53', '2026-02-10 14:21:53', 1991058483334778881);
INSERT INTO `sys_role_page` VALUES (2018357649346338818, 2021107335652093953, 1, '2026-02-10 14:21:53', '2026-02-10 14:21:53', 1991058483334778881);
INSERT INTO `sys_role_page` VALUES (2020883963240419330, 2020736052187824130, 1, '2026-02-10 00:58:52', '2026-02-10 00:58:52', 2018357787859034114);
INSERT INTO `sys_role_page` VALUES (2020883963240419330, 2020736052305264642, 1, '2026-02-10 00:58:52', '2026-02-10 00:58:52', 2018357787859034114);
INSERT INTO `sys_role_page` VALUES (2020883963240419330, 2020736052770832386, 1, '2026-02-10 00:58:52', '2026-02-10 00:58:52', 2018357787859034114);
INSERT INTO `sys_role_page` VALUES (2020883963240419330, 2020736052837941249, 1, '2026-02-10 00:58:52', '2026-02-10 00:58:52', 2018357787859034114);
INSERT INTO `sys_role_page` VALUES (2020883963240419330, 2020736052905050114, 1, '2026-02-10 00:58:52', '2026-02-10 00:58:52', 2018357787859034114);
INSERT INTO `sys_role_page` VALUES (2020883963240419330, 2020736052972158977, 1, '2026-02-10 00:58:52', '2026-02-10 00:58:52', 2018357787859034114);
INSERT INTO `sys_role_page` VALUES (2020883963240419330, 2020736053035073537, 1, '2026-02-10 00:58:52', '2026-02-10 00:58:52', 2018357787859034114);
INSERT INTO `sys_role_page` VALUES (2020883963240419330, 2020736053102182402, 1, '2026-02-10 00:58:52', '2026-02-10 00:58:52', 2018357787859034114);
INSERT INTO `sys_role_page` VALUES (2020883963240419330, 2020736053169291265, 1, '2026-02-10 00:58:52', '2026-02-10 00:58:52', 2018357787859034114);
INSERT INTO `sys_role_page` VALUES (2020883963240419330, 2020736053236400129, 1, '2026-02-10 00:58:52', '2026-02-10 00:58:52', 2018357787859034114);
INSERT INTO `sys_role_page` VALUES (2020883963240419330, 2020736053299314690, 1, '2026-02-10 00:58:52', '2026-02-10 00:58:52', 2018357787859034114);
INSERT INTO `sys_role_page` VALUES (2020883963240419330, 2020736053366423554, 1, '2026-02-10 00:58:52', '2026-02-10 00:58:52', 2018357787859034114);
INSERT INTO `sys_role_page` VALUES (2020883963240419330, 2020736053366423555, 1, '2026-02-10 00:58:52', '2026-02-10 00:58:52', 2018357787859034114);
INSERT INTO `sys_role_page` VALUES (2020883963240419330, 2020736053366423556, 1, '2026-02-10 00:58:52', '2026-02-10 00:58:52', 2018357787859034114);
INSERT INTO `sys_role_page` VALUES (2020883963240419330, 2020736053366423558, 1, '2026-02-10 00:58:52', '2026-02-10 00:58:52', 2018357787859034114);
INSERT INTO `sys_role_page` VALUES (2020883963240419330, 2020905103744733186, 1, '2026-02-10 00:58:52', '2026-02-10 00:58:52', 2018357787859034114);
INSERT INTO `sys_role_page` VALUES (2020883963240419330, 2020905103992197122, 1, '2026-02-10 00:58:52', '2026-02-10 00:58:52', 2018357787859034114);
INSERT INTO `sys_role_page` VALUES (2020883963240419330, 2020905104055111682, 1, '2026-02-10 00:58:52', '2026-02-10 00:58:52', 2018357787859034114);
INSERT INTO `sys_role_page` VALUES (2020883963240419330, 2020905104055111683, 1, '2026-02-10 00:58:52', '2026-02-10 00:58:52', 2018357787859034114);
INSERT INTO `sys_role_page` VALUES (2020883963240419330, 2020905104113831937, 1, '2026-02-10 00:58:52', '2026-02-10 00:58:52', 2018357787859034114);
INSERT INTO `sys_role_page` VALUES (2020883963240419330, 2021107335358492674, 1, '2026-02-10 14:21:53', '2026-02-10 14:21:53', 1991058483334778881);
INSERT INTO `sys_role_page` VALUES (2020883963240419330, 2021107335652093953, 1, '2026-02-10 14:21:53', '2026-02-10 14:21:53', 1991058483334778881);
INSERT INTO `sys_role_page` VALUES (2020883963240419330, 2021112332301320194, 1, '2026-02-10 14:41:45', '2026-02-10 14:41:45', 1991058483334778881);
INSERT INTO `sys_role_page` VALUES (2020883963240419330, 2021125685602099202, 1, '2026-02-10 15:34:48', '2026-02-10 15:34:48', 1991058483334778881);

-- ----------------------------
-- Table structure for sys_role_permission
-- ----------------------------
DROP TABLE IF EXISTS `sys_role_permission`;
CREATE TABLE `sys_role_permission`  (
  `roleId` bigint(20) NOT NULL COMMENT '角色ID',
  `permissionId` bigint(20) NOT NULL COMMENT '权限ID',
  `createTime` datetime NOT NULL DEFAULT CURRENT_TIMESTAMP COMMENT '创建时间',
  `updateTime` datetime NOT NULL DEFAULT CURRENT_TIMESTAMP ON UPDATE CURRENT_TIMESTAMP,
  `createBy` bigint(20) NULL DEFAULT NULL COMMENT '创建人ID',
  UNIQUE INDEX `uk_roleid_permissionid`(`roleId` ASC, `permissionId` ASC) USING BTREE
) ENGINE = InnoDB CHARACTER SET = utf8mb4 COLLATE = utf8mb4_general_ci COMMENT = '角色权限关联表' ROW_FORMAT = Dynamic;

-- ----------------------------
-- Records of sys_role_permission
-- ----------------------------
INSERT INTO `sys_role_permission` VALUES (2018357649161789442, 2020799782305046530, '2026-02-09 17:59:48', '2026-02-09 17:59:48', 1991058483334778881);
INSERT INTO `sys_role_permission` VALUES (2018357649161789442, 2020799782367961089, '2026-02-09 17:59:48', '2026-02-09 17:59:48', 1991058483334778881);
INSERT INTO `sys_role_permission` VALUES (2018357649161789442, 2020799782430875649, '2026-02-09 17:59:48', '2026-02-09 17:59:48', 1991058483334778881);
INSERT INTO `sys_role_permission` VALUES (2018357649161789442, 2020799782497984513, '2026-02-09 17:59:48', '2026-02-09 17:59:48', 1991058483334778881);
INSERT INTO `sys_role_permission` VALUES (2018357649161789442, 2020799782565093378, '2026-02-09 17:59:48', '2026-02-09 17:59:48', 1991058483334778881);
INSERT INTO `sys_role_permission` VALUES (2018357649161789442, 2020799782628007937, '2026-02-09 17:59:48', '2026-02-09 17:59:48', 1991058483334778881);
INSERT INTO `sys_role_permission` VALUES (2018357649161789442, 2020799782690922497, '2026-02-09 17:59:48', '2026-02-09 17:59:48', 1991058483334778881);
INSERT INTO `sys_role_permission` VALUES (2018357649161789442, 2020799782762225665, '2026-02-09 17:59:48', '2026-02-09 17:59:48', 1991058483334778881);
INSERT INTO `sys_role_permission` VALUES (2018357649161789442, 2020799782829334529, '2026-02-09 17:59:48', '2026-02-09 17:59:48', 1991058483334778881);
INSERT INTO `sys_role_permission` VALUES (2018357649161789442, 2020799782829334530, '2026-02-09 17:59:48', '2026-02-09 17:59:48', 1991058483334778881);
INSERT INTO `sys_role_permission` VALUES (2018357649161789442, 2020799782892249089, '2026-02-09 17:59:48', '2026-02-09 17:59:48', 1991058483334778881);
INSERT INTO `sys_role_permission` VALUES (2018357649161789442, 2020799782955163649, '2026-02-09 17:59:48', '2026-02-09 17:59:48', 1991058483334778881);
INSERT INTO `sys_role_permission` VALUES (2018357649161789442, 2020799783022272513, '2026-02-09 17:59:48', '2026-02-09 17:59:48', 1991058483334778881);
INSERT INTO `sys_role_permission` VALUES (2018357649161789442, 2020799783022272514, '2026-02-09 17:59:48', '2026-02-09 17:59:48', 1991058483334778881);
INSERT INTO `sys_role_permission` VALUES (2018357649161789442, 2020799783085187074, '2026-02-09 17:59:48', '2026-02-09 17:59:48', 1991058483334778881);
INSERT INTO `sys_role_permission` VALUES (2018357649161789442, 2020799783152295937, '2026-02-09 17:59:48', '2026-02-09 17:59:48', 1991058483334778881);
INSERT INTO `sys_role_permission` VALUES (2018357649161789442, 2020799783219404801, '2026-02-09 17:59:48', '2026-02-09 17:59:48', 1991058483334778881);
INSERT INTO `sys_role_permission` VALUES (2018357649161789442, 2020799783286513666, '2026-02-09 17:59:48', '2026-02-09 17:59:48', 1991058483334778881);
INSERT INTO `sys_role_permission` VALUES (2018357649161789442, 2020799783353622529, '2026-02-09 17:59:48', '2026-02-09 17:59:48', 1991058483334778881);
INSERT INTO `sys_role_permission` VALUES (2018357649161789442, 2020799783420731393, '2026-02-09 17:59:48', '2026-02-09 17:59:48', 1991058483334778881);
INSERT INTO `sys_role_permission` VALUES (2018357649161789442, 2020799783487840257, '2026-02-09 17:59:48', '2026-02-09 17:59:48', 1991058483334778881);
INSERT INTO `sys_role_permission` VALUES (2018357649161789442, 2020799783550754818, '2026-02-09 17:59:48', '2026-02-09 17:59:48', 1991058483334778881);
INSERT INTO `sys_role_permission` VALUES (2018357649161789442, 2020799783617863682, '2026-02-09 17:59:48', '2026-02-09 17:59:48', 1991058483334778881);
INSERT INTO `sys_role_permission` VALUES (2018357649161789442, 2020799783684972545, '2026-02-09 17:59:48', '2026-02-09 17:59:48', 1991058483334778881);
INSERT INTO `sys_role_permission` VALUES (2018357649161789442, 2020799783747887106, '2026-02-09 17:59:48', '2026-02-09 17:59:48', 1991058483334778881);
INSERT INTO `sys_role_permission` VALUES (2018357649161789442, 2020799783814995970, '2026-02-09 17:59:48', '2026-02-09 17:59:48', 1991058483334778881);
INSERT INTO `sys_role_permission` VALUES (2018357649161789442, 2020799783877910529, '2026-02-09 17:59:48', '2026-02-09 17:59:48', 1991058483334778881);
INSERT INTO `sys_role_permission` VALUES (2018357649161789442, 2020799783949213697, '2026-02-09 17:59:48', '2026-02-09 17:59:48', 1991058483334778881);
INSERT INTO `sys_role_permission` VALUES (2018357649161789442, 2020799784012128257, '2026-02-09 17:59:48', '2026-02-09 17:59:48', 1991058483334778881);
INSERT INTO `sys_role_permission` VALUES (2018357649161789442, 2020799784075042817, '2026-02-09 17:59:48', '2026-02-09 17:59:48', 1991058483334778881);
INSERT INTO `sys_role_permission` VALUES (2018357649161789442, 2020799784137957377, '2026-02-09 17:59:48', '2026-02-09 17:59:48', 1991058483334778881);
INSERT INTO `sys_role_permission` VALUES (2018357649161789442, 2020799784200871937, '2026-02-09 17:59:48', '2026-02-09 17:59:48', 1991058483334778881);
INSERT INTO `sys_role_permission` VALUES (2018357649161789442, 2020799784263786498, '2026-02-09 17:59:48', '2026-02-09 17:59:48', 1991058483334778881);
INSERT INTO `sys_role_permission` VALUES (2018357649161789442, 2020799784330895362, '2026-02-09 17:59:48', '2026-02-09 17:59:48', 1991058483334778881);
INSERT INTO `sys_role_permission` VALUES (2018357649161789442, 2020799784402198529, '2026-02-09 17:59:48', '2026-02-09 17:59:48', 1991058483334778881);
INSERT INTO `sys_role_permission` VALUES (2018357649161789442, 2020799784402198530, '2026-02-09 17:59:48', '2026-02-09 17:59:48', 1991058483334778881);
INSERT INTO `sys_role_permission` VALUES (2018357649161789442, 2020799784465113089, '2026-02-09 17:59:48', '2026-02-09 17:59:48', 1991058483334778881);
INSERT INTO `sys_role_permission` VALUES (2018357649161789442, 2020799784528027650, '2026-02-09 17:59:48', '2026-02-09 17:59:48', 1991058483334778881);
INSERT INTO `sys_role_permission` VALUES (2018357649161789442, 2020799784590942209, '2026-02-09 17:59:48', '2026-02-09 17:59:48', 1991058483334778881);
INSERT INTO `sys_role_permission` VALUES (2018357649161789442, 2020799784662245378, '2026-02-09 17:59:48', '2026-02-09 17:59:48', 1991058483334778881);
INSERT INTO `sys_role_permission` VALUES (2018357649161789442, 2020799784733548546, '2026-02-09 17:59:48', '2026-02-09 17:59:48', 1991058483334778881);
INSERT INTO `sys_role_permission` VALUES (2018357649161789442, 2020799784796463105, '2026-02-09 17:59:48', '2026-02-09 17:59:48', 1991058483334778881);
INSERT INTO `sys_role_permission` VALUES (2018357649161789442, 2020799784859377665, '2026-02-09 17:59:48', '2026-02-09 17:59:48', 1991058483334778881);
INSERT INTO `sys_role_permission` VALUES (2018357649161789442, 2020799784926486530, '2026-02-09 17:59:48', '2026-02-09 17:59:48', 1991058483334778881);
INSERT INTO `sys_role_permission` VALUES (2018357649161789442, 2020799784989401090, '2026-02-09 17:59:48', '2026-02-09 17:59:48', 1991058483334778881);
INSERT INTO `sys_role_permission` VALUES (2018357649161789442, 2020799784989401091, '2026-02-09 17:59:48', '2026-02-09 17:59:48', 1991058483334778881);
INSERT INTO `sys_role_permission` VALUES (2018357649161789442, 2020799785052315650, '2026-02-09 17:59:48', '2026-02-09 17:59:48', 1991058483334778881);
INSERT INTO `sys_role_permission` VALUES (2018357649161789442, 2020799785119424513, '2026-02-09 17:59:48', '2026-02-09 17:59:48', 1991058483334778881);
INSERT INTO `sys_role_permission` VALUES (2018357649161789442, 2020799785182339074, '2026-02-09 17:59:48', '2026-02-09 17:59:48', 1991058483334778881);
INSERT INTO `sys_role_permission` VALUES (2018357649161789442, 2020799785245253634, '2026-02-09 17:59:48', '2026-02-09 17:59:48', 1991058483334778881);
INSERT INTO `sys_role_permission` VALUES (2018357649161789442, 2020799785312362498, '2026-02-09 17:59:48', '2026-02-09 17:59:48', 1991058483334778881);
INSERT INTO `sys_role_permission` VALUES (2018357649161789442, 2020799785379471362, '2026-02-09 17:59:48', '2026-02-09 17:59:48', 1991058483334778881);
INSERT INTO `sys_role_permission` VALUES (2018357649161789442, 2020799785442385921, '2026-02-09 17:59:48', '2026-02-09 17:59:48', 1991058483334778881);
INSERT INTO `sys_role_permission` VALUES (2018357649161789442, 2020799785509494785, '2026-02-09 17:59:48', '2026-02-09 17:59:48', 1991058483334778881);
INSERT INTO `sys_role_permission` VALUES (2018357649161789442, 2020799785576603650, '2026-02-09 17:59:48', '2026-02-09 17:59:48', 1991058483334778881);
INSERT INTO `sys_role_permission` VALUES (2018357649161789442, 2020799785643712514, '2026-02-09 17:59:48', '2026-02-09 17:59:48', 1991058483334778881);
INSERT INTO `sys_role_permission` VALUES (2018357649161789442, 2020799785706627074, '2026-02-09 17:59:48', '2026-02-09 17:59:48', 1991058483334778881);
INSERT INTO `sys_role_permission` VALUES (2018357649161789442, 2020799785769541633, '2026-02-09 17:59:48', '2026-02-09 17:59:48', 1991058483334778881);
INSERT INTO `sys_role_permission` VALUES (2018357649161789442, 2020799785840844802, '2026-02-09 17:59:48', '2026-02-09 17:59:48', 1991058483334778881);
INSERT INTO `sys_role_permission` VALUES (2018357649161789442, 2020799785907953665, '2026-02-09 17:59:48', '2026-02-09 17:59:48', 1991058483334778881);
INSERT INTO `sys_role_permission` VALUES (2018357649161789442, 2020799785975062530, '2026-02-09 17:59:48', '2026-02-09 17:59:48', 1991058483334778881);
INSERT INTO `sys_role_permission` VALUES (2018357649161789442, 2020799786037977090, '2026-02-09 17:59:48', '2026-02-09 17:59:48', 1991058483334778881);
INSERT INTO `sys_role_permission` VALUES (2018357649161789442, 2020799786105085954, '2026-02-09 17:59:48', '2026-02-09 17:59:48', 1991058483334778881);
INSERT INTO `sys_role_permission` VALUES (2018357649161789442, 2020799786168000513, '2026-02-09 17:59:48', '2026-02-09 17:59:48', 1991058483334778881);
INSERT INTO `sys_role_permission` VALUES (2018357649161789442, 2020799786239303681, '2026-02-09 17:59:48', '2026-02-09 17:59:48', 1991058483334778881);
INSERT INTO `sys_role_permission` VALUES (2018357649161789442, 2020799786302218241, '2026-02-09 17:59:48', '2026-02-09 17:59:48', 1991058483334778881);
INSERT INTO `sys_role_permission` VALUES (2018357649161789442, 2020799786373521410, '2026-02-09 17:59:48', '2026-02-09 17:59:48', 1991058483334778881);
INSERT INTO `sys_role_permission` VALUES (2018357649161789442, 2020799786436435969, '2026-02-09 17:59:48', '2026-02-09 17:59:48', 1991058483334778881);
INSERT INTO `sys_role_permission` VALUES (2018357649161789442, 2020799786503544834, '2026-02-09 17:59:48', '2026-02-09 17:59:48', 1991058483334778881);
INSERT INTO `sys_role_permission` VALUES (2018357649161789442, 2020799786570653697, '2026-02-09 17:59:48', '2026-02-09 17:59:48', 1991058483334778881);
INSERT INTO `sys_role_permission` VALUES (2018357649161789442, 2020799786637762561, '2026-02-09 17:59:48', '2026-02-09 17:59:48', 1991058483334778881);
INSERT INTO `sys_role_permission` VALUES (2018357649161789442, 2020799786704871426, '2026-02-09 17:59:48', '2026-02-09 17:59:48', 1991058483334778881);
INSERT INTO `sys_role_permission` VALUES (2018357649161789442, 2020799786767785986, '2026-02-09 17:59:48', '2026-02-09 17:59:48', 1991058483334778881);
INSERT INTO `sys_role_permission` VALUES (2018357649161789442, 2020799786834894849, '2026-02-09 17:59:48', '2026-02-09 17:59:48', 1991058483334778881);
INSERT INTO `sys_role_permission` VALUES (2018357649161789442, 2020799786897809409, '2026-02-09 17:59:48', '2026-02-09 17:59:48', 1991058483334778881);
INSERT INTO `sys_role_permission` VALUES (2018357649161789442, 2020799786964918274, '2026-02-09 17:59:48', '2026-02-09 17:59:48', 1991058483334778881);
INSERT INTO `sys_role_permission` VALUES (2018357649161789442, 2020799786964918275, '2026-02-09 17:59:48', '2026-02-09 17:59:48', 1991058483334778881);
INSERT INTO `sys_role_permission` VALUES (2018357649161789442, 2020799787032027137, '2026-02-09 17:59:48', '2026-02-09 17:59:48', 1991058483334778881);
INSERT INTO `sys_role_permission` VALUES (2018357649161789442, 2020799787099136001, '2026-02-09 17:59:48', '2026-02-09 17:59:48', 1991058483334778881);
INSERT INTO `sys_role_permission` VALUES (2018357649161789442, 2020874840725651457, '2026-02-09 22:58:03', '2026-02-09 22:58:03', 1991058483334778881);
INSERT INTO `sys_role_permission` VALUES (2018357649161789442, 2020874841115721730, '2026-02-09 22:58:03', '2026-02-09 22:58:03', 1991058483334778881);
INSERT INTO `sys_role_permission` VALUES (2018357649161789442, 2020874841182830593, '2026-02-09 22:58:03', '2026-02-09 22:58:03', 1991058483334778881);
INSERT INTO `sys_role_permission` VALUES (2018357649161789442, 2020874841249939458, '2026-02-09 22:58:03', '2026-02-09 22:58:03', 1991058483334778881);
INSERT INTO `sys_role_permission` VALUES (2018357649161789442, 2020874841317048322, '2026-02-09 22:58:03', '2026-02-09 22:58:03', 1991058483334778881);
INSERT INTO `sys_role_permission` VALUES (2018357649161789442, 2020874841379962881, '2026-02-09 22:58:03', '2026-02-09 22:58:03', 1991058483334778881);
INSERT INTO `sys_role_permission` VALUES (2018357649161789442, 2020874841451266050, '2026-02-09 22:58:03', '2026-02-09 22:58:03', 1991058483334778881);
INSERT INTO `sys_role_permission` VALUES (2018357649161789442, 2020874841522569218, '2026-02-09 22:58:03', '2026-02-09 22:58:03', 1991058483334778881);
INSERT INTO `sys_role_permission` VALUES (2018357649161789442, 2020874841581289474, '2026-02-09 22:58:03', '2026-02-09 22:58:03', 1991058483334778881);
INSERT INTO `sys_role_permission` VALUES (2018357649161789442, 2020874841648398338, '2026-02-09 22:58:03', '2026-02-09 22:58:03', 1991058483334778881);
INSERT INTO `sys_role_permission` VALUES (2018357649161789442, 2020874841715507201, '2026-02-09 22:58:03', '2026-02-09 22:58:03', 1991058483334778881);
INSERT INTO `sys_role_permission` VALUES (2018357649161789442, 2020874841782616065, '2026-02-09 22:58:03', '2026-02-09 22:58:03', 1991058483334778881);
INSERT INTO `sys_role_permission` VALUES (2018357649161789442, 2020874841845530625, '2026-02-09 22:58:03', '2026-02-09 22:58:03', 1991058483334778881);
INSERT INTO `sys_role_permission` VALUES (2018357649161789442, 2020874841912639490, '2026-02-09 22:58:03', '2026-02-09 22:58:03', 1991058483334778881);
INSERT INTO `sys_role_permission` VALUES (2018357649161789442, 2020874841975554049, '2026-02-09 22:58:03', '2026-02-09 22:58:03', 1991058483334778881);
INSERT INTO `sys_role_permission` VALUES (2018357649161789442, 2020874842042662913, '2026-02-09 22:58:03', '2026-02-09 22:58:03', 1991058483334778881);
INSERT INTO `sys_role_permission` VALUES (2018357649161789442, 2020874842105577473, '2026-02-09 22:58:03', '2026-02-09 22:58:03', 1991058483334778881);
INSERT INTO `sys_role_permission` VALUES (2018357649161789442, 2020874842168492034, '2026-02-09 22:58:03', '2026-02-09 22:58:03', 1991058483334778881);
INSERT INTO `sys_role_permission` VALUES (2018357649161789442, 2020874842235600898, '2026-02-09 22:58:03', '2026-02-09 22:58:03', 1991058483334778881);
INSERT INTO `sys_role_permission` VALUES (2018357649161789442, 2020874842298515458, '2026-02-09 22:58:03', '2026-02-09 22:58:03', 1991058483334778881);
INSERT INTO `sys_role_permission` VALUES (2018357649161789442, 2020874842365624321, '2026-02-09 22:58:03', '2026-02-09 22:58:03', 1991058483334778881);
INSERT INTO `sys_role_permission` VALUES (2018357649161789442, 2020876934429990913, '2026-02-09 23:06:22', '2026-02-09 23:06:22', 1991058483334778881);
INSERT INTO `sys_role_permission` VALUES (2018357649161789442, 2021050163199098881, '2026-02-10 10:34:42', '2026-02-10 10:34:42', 1991058483334778881);
INSERT INTO `sys_role_permission` VALUES (2018357649161789442, 2021053301071187970, '2026-02-10 10:47:11', '2026-02-10 10:47:11', 1991058483334778881);
INSERT INTO `sys_role_permission` VALUES (2018357649161789442, 2021060385401663489, '2026-02-10 11:15:20', '2026-02-10 11:15:20', 1991058483334778881);
INSERT INTO `sys_role_permission` VALUES (2018357649161789442, 2021127150911574017, '2026-02-10 15:40:38', '2026-02-10 15:40:38', 1991058483334778881);
INSERT INTO `sys_role_permission` VALUES (2018357649279229954, 2020799783487840257, '2026-02-10 11:27:27', '2026-02-10 11:27:27', 2018357787859034114);
INSERT INTO `sys_role_permission` VALUES (2018357649279229954, 2020799783617863682, '2026-02-10 11:27:27', '2026-02-10 11:27:27', 2018357787859034114);
INSERT INTO `sys_role_permission` VALUES (2018357649279229954, 2020799784402198530, '2026-02-10 11:27:27', '2026-02-10 11:27:27', 2018357787859034114);
INSERT INTO `sys_role_permission` VALUES (2018357649279229954, 2020799784528027650, '2026-02-10 11:27:27', '2026-02-10 11:27:27', 2018357787859034114);
INSERT INTO `sys_role_permission` VALUES (2018357649279229954, 2020799784796463105, '2026-02-10 11:27:27', '2026-02-10 11:27:27', 2018357787859034114);
INSERT INTO `sys_role_permission` VALUES (2018357649279229954, 2020799784859377665, '2026-02-10 11:27:27', '2026-02-10 11:27:27', 2018357787859034114);
INSERT INTO `sys_role_permission` VALUES (2018357649279229954, 2020799784926486530, '2026-02-10 11:27:27', '2026-02-10 11:27:27', 2018357787859034114);
INSERT INTO `sys_role_permission` VALUES (2018357649279229954, 2020799784989401090, '2026-02-10 11:27:27', '2026-02-10 11:27:27', 2018357787859034114);
INSERT INTO `sys_role_permission` VALUES (2018357649279229954, 2020799784989401091, '2026-02-10 11:27:27', '2026-02-10 11:27:27', 2018357787859034114);
INSERT INTO `sys_role_permission` VALUES (2018357649279229954, 2020799785119424513, '2026-02-10 11:27:27', '2026-02-10 11:27:27', 2018357787859034114);
INSERT INTO `sys_role_permission` VALUES (2018357649279229954, 2020799786964918275, '2026-02-10 11:27:27', '2026-02-10 11:27:27', 2018357787859034114);
INSERT INTO `sys_role_permission` VALUES (2018357649279229954, 2020874841522569218, '2026-02-10 11:27:27', '2026-02-10 11:27:27', 2018357787859034114);
INSERT INTO `sys_role_permission` VALUES (2018357649279229954, 2020874841581289474, '2026-02-10 11:27:27', '2026-02-10 11:27:27', 2018357787859034114);
INSERT INTO `sys_role_permission` VALUES (2018357649279229954, 2020874841648398338, '2026-02-10 11:27:27', '2026-02-10 11:27:27', 2018357787859034114);
INSERT INTO `sys_role_permission` VALUES (2018357649279229954, 2020874841715507201, '2026-02-10 11:27:27', '2026-02-10 11:27:27', 2018357787859034114);
INSERT INTO `sys_role_permission` VALUES (2018357649279229954, 2020874842042662913, '2026-02-10 11:27:27', '2026-02-10 11:27:27', 2018357787859034114);
INSERT INTO `sys_role_permission` VALUES (2018357649279229954, 2020874842168492034, '2026-02-10 11:27:27', '2026-02-10 11:27:27', 2018357787859034114);
INSERT INTO `sys_role_permission` VALUES (2018357649279229954, 2020874842235600898, '2026-02-10 11:27:27', '2026-02-10 11:27:27', 2018357787859034114);
INSERT INTO `sys_role_permission` VALUES (2018357649279229954, 2020874842365624321, '2026-02-10 11:27:27', '2026-02-10 11:27:27', 2018357787859034114);
INSERT INTO `sys_role_permission` VALUES (2018357649279229954, 2020876934429990913, '2026-02-10 11:27:27', '2026-02-10 11:27:27', 2018357787859034114);
INSERT INTO `sys_role_permission` VALUES (2018357649279229954, 2021060385401663489, '2026-02-10 11:27:27', '2026-02-10 11:27:27', 2018357787859034114);
INSERT INTO `sys_role_permission` VALUES (2018357649346338818, 2020799783420731393, '2026-02-10 15:34:49', '2026-02-10 15:34:49', 1991058483334778881);
INSERT INTO `sys_role_permission` VALUES (2018357649346338818, 2020799783487840257, '2026-02-10 15:34:49', '2026-02-10 15:34:49', 1991058483334778881);
INSERT INTO `sys_role_permission` VALUES (2018357649346338818, 2020799783617863682, '2026-02-10 15:34:49', '2026-02-10 15:34:49', 1991058483334778881);
INSERT INTO `sys_role_permission` VALUES (2018357649346338818, 2020799783684972545, '2026-02-10 15:34:49', '2026-02-10 15:34:49', 1991058483334778881);
INSERT INTO `sys_role_permission` VALUES (2018357649346338818, 2020799783747887106, '2026-02-10 15:34:49', '2026-02-10 15:34:49', 1991058483334778881);
INSERT INTO `sys_role_permission` VALUES (2018357649346338818, 2020799783814995970, '2026-02-10 15:34:49', '2026-02-10 15:34:49', 1991058483334778881);
INSERT INTO `sys_role_permission` VALUES (2018357649346338818, 2020799783949213697, '2026-02-10 15:34:49', '2026-02-10 15:34:49', 1991058483334778881);
INSERT INTO `sys_role_permission` VALUES (2018357649346338818, 2020799786834894849, '2026-02-10 15:34:49', '2026-02-10 15:34:49', 1991058483334778881);
INSERT INTO `sys_role_permission` VALUES (2018357649346338818, 2020799786964918274, '2026-02-10 15:34:49', '2026-02-10 15:34:49', 1991058483334778881);
INSERT INTO `sys_role_permission` VALUES (2018357649346338818, 2020799786964918275, '2026-02-10 15:34:49', '2026-02-10 15:34:49', 1991058483334778881);
INSERT INTO `sys_role_permission` VALUES (2018357649346338818, 2020799787099136001, '2026-02-10 15:34:49', '2026-02-10 15:34:49', 1991058483334778881);
INSERT INTO `sys_role_permission` VALUES (2018357649346338818, 2020874842168492034, '2026-02-10 15:34:49', '2026-02-10 15:34:49', 1991058483334778881);
INSERT INTO `sys_role_permission` VALUES (2018357649346338818, 2020874842235600898, '2026-02-10 15:34:49', '2026-02-10 15:34:49', 1991058483334778881);
INSERT INTO `sys_role_permission` VALUES (2018357649346338818, 2020874842365624321, '2026-02-10 15:34:49', '2026-02-10 15:34:49', 1991058483334778881);
INSERT INTO `sys_role_permission` VALUES (2020883963240419330, 2020799782430875649, '2026-02-10 11:23:00', '2026-02-10 11:23:00', 2018357787859034114);
INSERT INTO `sys_role_permission` VALUES (2020883963240419330, 2020799782497984513, '2026-02-10 11:23:00', '2026-02-10 11:23:00', 2018357787859034114);
INSERT INTO `sys_role_permission` VALUES (2020883963240419330, 2020799782565093378, '2026-02-10 11:23:00', '2026-02-10 11:23:00', 2018357787859034114);
INSERT INTO `sys_role_permission` VALUES (2020883963240419330, 2020799782628007937, '2026-02-10 11:23:00', '2026-02-10 11:23:00', 2018357787859034114);
INSERT INTO `sys_role_permission` VALUES (2020883963240419330, 2020799782690922497, '2026-02-10 11:23:00', '2026-02-10 11:23:00', 2018357787859034114);
INSERT INTO `sys_role_permission` VALUES (2020883963240419330, 2020799782762225665, '2026-02-10 11:23:00', '2026-02-10 11:23:00', 2018357787859034114);
INSERT INTO `sys_role_permission` VALUES (2020883963240419330, 2020799782829334529, '2026-02-10 11:23:00', '2026-02-10 11:23:00', 2018357787859034114);
INSERT INTO `sys_role_permission` VALUES (2020883963240419330, 2020799782955163649, '2026-02-10 11:23:00', '2026-02-10 11:23:00', 2018357787859034114);
INSERT INTO `sys_role_permission` VALUES (2020883963240419330, 2020799783022272513, '2026-02-10 11:23:00', '2026-02-10 11:23:00', 2018357787859034114);
INSERT INTO `sys_role_permission` VALUES (2020883963240419330, 2020799783022272514, '2026-02-10 11:23:00', '2026-02-10 11:23:00', 2018357787859034114);
INSERT INTO `sys_role_permission` VALUES (2020883963240419330, 2020799783085187074, '2026-02-10 11:23:00', '2026-02-10 11:23:00', 2018357787859034114);
INSERT INTO `sys_role_permission` VALUES (2020883963240419330, 2020799783152295937, '2026-02-10 11:23:00', '2026-02-10 11:23:00', 2018357787859034114);
INSERT INTO `sys_role_permission` VALUES (2020883963240419330, 2020799783219404801, '2026-02-10 11:23:00', '2026-02-10 11:23:00', 2018357787859034114);
INSERT INTO `sys_role_permission` VALUES (2020883963240419330, 2020799783286513666, '2026-02-10 11:23:00', '2026-02-10 11:23:00', 2018357787859034114);
INSERT INTO `sys_role_permission` VALUES (2020883963240419330, 2020799783420731393, '2026-02-10 11:23:00', '2026-02-10 11:23:00', 2018357787859034114);
INSERT INTO `sys_role_permission` VALUES (2020883963240419330, 2020799783487840257, '2026-02-10 11:23:00', '2026-02-10 11:23:00', 2018357787859034114);
INSERT INTO `sys_role_permission` VALUES (2020883963240419330, 2020799783550754818, '2026-02-10 11:23:00', '2026-02-10 11:23:00', 2018357787859034114);
INSERT INTO `sys_role_permission` VALUES (2020883963240419330, 2020799783617863682, '2026-02-10 11:23:00', '2026-02-10 11:23:00', 2018357787859034114);
INSERT INTO `sys_role_permission` VALUES (2020883963240419330, 2020799783684972545, '2026-02-10 11:23:00', '2026-02-10 11:23:00', 2018357787859034114);
INSERT INTO `sys_role_permission` VALUES (2020883963240419330, 2020799783747887106, '2026-02-10 11:23:00', '2026-02-10 11:23:00', 2018357787859034114);
INSERT INTO `sys_role_permission` VALUES (2020883963240419330, 2020799783814995970, '2026-02-10 11:23:00', '2026-02-10 11:23:00', 2018357787859034114);
INSERT INTO `sys_role_permission` VALUES (2020883963240419330, 2020799783877910529, '2026-02-10 11:23:00', '2026-02-10 11:23:00', 2018357787859034114);
INSERT INTO `sys_role_permission` VALUES (2020883963240419330, 2020799783949213697, '2026-02-10 11:23:00', '2026-02-10 11:23:00', 2018357787859034114);
INSERT INTO `sys_role_permission` VALUES (2020883963240419330, 2020799784402198530, '2026-02-10 11:23:00', '2026-02-10 11:23:00', 2018357787859034114);
INSERT INTO `sys_role_permission` VALUES (2020883963240419330, 2020799784465113089, '2026-02-10 11:23:00', '2026-02-10 11:23:00', 2018357787859034114);
INSERT INTO `sys_role_permission` VALUES (2020883963240419330, 2020799784528027650, '2026-02-10 11:23:00', '2026-02-10 11:23:00', 2018357787859034114);
INSERT INTO `sys_role_permission` VALUES (2020883963240419330, 2020799784590942209, '2026-02-10 11:23:00', '2026-02-10 11:23:00', 2018357787859034114);
INSERT INTO `sys_role_permission` VALUES (2020883963240419330, 2020799784662245378, '2026-02-10 11:23:00', '2026-02-10 11:23:00', 2018357787859034114);
INSERT INTO `sys_role_permission` VALUES (2020883963240419330, 2020799784733548546, '2026-02-10 11:23:00', '2026-02-10 11:23:00', 2018357787859034114);
INSERT INTO `sys_role_permission` VALUES (2020883963240419330, 2020799784859377665, '2026-02-10 11:23:00', '2026-02-10 11:23:00', 2018357787859034114);
INSERT INTO `sys_role_permission` VALUES (2020883963240419330, 2020799784926486530, '2026-02-10 11:23:00', '2026-02-10 11:23:00', 2018357787859034114);
INSERT INTO `sys_role_permission` VALUES (2020883963240419330, 2020799784989401090, '2026-02-10 11:23:00', '2026-02-10 11:23:00', 2018357787859034114);
INSERT INTO `sys_role_permission` VALUES (2020883963240419330, 2020799784989401091, '2026-02-10 11:23:00', '2026-02-10 11:23:00', 2018357787859034114);
INSERT INTO `sys_role_permission` VALUES (2020883963240419330, 2020799785052315650, '2026-02-10 11:23:00', '2026-02-10 11:23:00', 2018357787859034114);
INSERT INTO `sys_role_permission` VALUES (2020883963240419330, 2020799785119424513, '2026-02-10 11:23:00', '2026-02-10 11:23:00', 2018357787859034114);
INSERT INTO `sys_role_permission` VALUES (2020883963240419330, 2020799786239303681, '2026-02-10 11:23:00', '2026-02-10 11:23:00', 2018357787859034114);
INSERT INTO `sys_role_permission` VALUES (2020883963240419330, 2020799786302218241, '2026-02-10 11:23:00', '2026-02-10 11:23:00', 2018357787859034114);
INSERT INTO `sys_role_permission` VALUES (2020883963240419330, 2020799786373521410, '2026-02-10 11:23:00', '2026-02-10 11:23:00', 2018357787859034114);
INSERT INTO `sys_role_permission` VALUES (2020883963240419330, 2020799786436435969, '2026-02-10 11:23:00', '2026-02-10 11:23:00', 2018357787859034114);
INSERT INTO `sys_role_permission` VALUES (2020883963240419330, 2020799786503544834, '2026-02-10 11:23:00', '2026-02-10 11:23:00', 2018357787859034114);
INSERT INTO `sys_role_permission` VALUES (2020883963240419330, 2020799786570653697, '2026-02-10 11:23:00', '2026-02-10 11:23:00', 2018357787859034114);
INSERT INTO `sys_role_permission` VALUES (2020883963240419330, 2020799786637762561, '2026-02-10 11:23:00', '2026-02-10 11:23:00', 2018357787859034114);
INSERT INTO `sys_role_permission` VALUES (2020883963240419330, 2020799786704871426, '2026-02-10 11:23:00', '2026-02-10 11:23:00', 2018357787859034114);
INSERT INTO `sys_role_permission` VALUES (2020883963240419330, 2020799786767785986, '2026-02-10 11:23:00', '2026-02-10 11:23:00', 2018357787859034114);
INSERT INTO `sys_role_permission` VALUES (2020883963240419330, 2020799786834894849, '2026-02-10 11:23:00', '2026-02-10 11:23:00', 2018357787859034114);
INSERT INTO `sys_role_permission` VALUES (2020883963240419330, 2020799786897809409, '2026-02-10 11:23:00', '2026-02-10 11:23:00', 2018357787859034114);
INSERT INTO `sys_role_permission` VALUES (2020883963240419330, 2020799786964918274, '2026-02-10 11:23:00', '2026-02-10 11:23:00', 2018357787859034114);
INSERT INTO `sys_role_permission` VALUES (2020883963240419330, 2020799786964918275, '2026-02-10 11:23:00', '2026-02-10 11:23:00', 2018357787859034114);
INSERT INTO `sys_role_permission` VALUES (2020883963240419330, 2020799787032027137, '2026-02-10 11:23:00', '2026-02-10 11:23:00', 2018357787859034114);
INSERT INTO `sys_role_permission` VALUES (2020883963240419330, 2020799787099136001, '2026-02-10 11:23:00', '2026-02-10 11:23:00', 2018357787859034114);
INSERT INTO `sys_role_permission` VALUES (2020883963240419330, 2020874840725651457, '2026-02-10 11:23:00', '2026-02-10 11:23:00', 2018357787859034114);
INSERT INTO `sys_role_permission` VALUES (2020883963240419330, 2020874841115721730, '2026-02-10 11:23:00', '2026-02-10 11:23:00', 2018357787859034114);
INSERT INTO `sys_role_permission` VALUES (2020883963240419330, 2020874841182830593, '2026-02-10 11:23:00', '2026-02-10 11:23:00', 2018357787859034114);
INSERT INTO `sys_role_permission` VALUES (2020883963240419330, 2020874841249939458, '2026-02-10 11:23:00', '2026-02-10 11:23:00', 2018357787859034114);
INSERT INTO `sys_role_permission` VALUES (2020883963240419330, 2020874841522569218, '2026-02-10 11:23:00', '2026-02-10 11:23:00', 2018357787859034114);
INSERT INTO `sys_role_permission` VALUES (2020883963240419330, 2020874841581289474, '2026-02-10 11:23:00', '2026-02-10 11:23:00', 2018357787859034114);
INSERT INTO `sys_role_permission` VALUES (2020883963240419330, 2020874841648398338, '2026-02-10 11:23:00', '2026-02-10 11:23:00', 2018357787859034114);
INSERT INTO `sys_role_permission` VALUES (2020883963240419330, 2020874841715507201, '2026-02-10 11:23:00', '2026-02-10 11:23:00', 2018357787859034114);
INSERT INTO `sys_role_permission` VALUES (2020883963240419330, 2020874841782616065, '2026-02-10 11:23:00', '2026-02-10 11:23:00', 2018357787859034114);
INSERT INTO `sys_role_permission` VALUES (2020883963240419330, 2020874841845530625, '2026-02-10 11:23:00', '2026-02-10 11:23:00', 2018357787859034114);
INSERT INTO `sys_role_permission` VALUES (2020883963240419330, 2020874841912639490, '2026-02-10 11:23:00', '2026-02-10 11:23:00', 2018357787859034114);
INSERT INTO `sys_role_permission` VALUES (2020883963240419330, 2020874841975554049, '2026-02-10 11:23:00', '2026-02-10 11:23:00', 2018357787859034114);
INSERT INTO `sys_role_permission` VALUES (2020883963240419330, 2020874842042662913, '2026-02-10 11:23:00', '2026-02-10 11:23:00', 2018357787859034114);
INSERT INTO `sys_role_permission` VALUES (2020883963240419330, 2020874842105577473, '2026-02-10 11:23:00', '2026-02-10 11:23:00', 2018357787859034114);
INSERT INTO `sys_role_permission` VALUES (2020883963240419330, 2020874842168492034, '2026-02-10 11:23:00', '2026-02-10 11:23:00', 2018357787859034114);
INSERT INTO `sys_role_permission` VALUES (2020883963240419330, 2020874842235600898, '2026-02-10 11:23:00', '2026-02-10 11:23:00', 2018357787859034114);
INSERT INTO `sys_role_permission` VALUES (2020883963240419330, 2020874842298515458, '2026-02-10 11:23:00', '2026-02-10 11:23:00', 2018357787859034114);
INSERT INTO `sys_role_permission` VALUES (2020883963240419330, 2020874842365624321, '2026-02-10 11:23:00', '2026-02-10 11:23:00', 2018357787859034114);
INSERT INTO `sys_role_permission` VALUES (2020883963240419330, 2020876934429990913, '2026-02-10 11:23:00', '2026-02-10 11:23:00', 2018357787859034114);
INSERT INTO `sys_role_permission` VALUES (2020883963240419330, 2021050163199098881, '2026-02-10 11:23:00', '2026-02-10 11:23:00', 2018357787859034114);
INSERT INTO `sys_role_permission` VALUES (2020883963240419330, 2021053301071187970, '2026-02-10 11:23:00', '2026-02-10 11:23:00', 2018357787859034114);
INSERT INTO `sys_role_permission` VALUES (2020883963240419330, 2021060385401663489, '2026-02-10 11:23:00', '2026-02-10 11:23:00', 2018357787859034114);
INSERT INTO `sys_role_permission` VALUES (2020883963240419330, 2021127150911574017, '2026-02-10 15:40:38', '2026-02-10 15:40:38', 1991058483334778881);

-- ----------------------------
-- Table structure for sys_sale_order
-- ----------------------------
DROP TABLE IF EXISTS `sys_sale_order`;
CREATE TABLE `sys_sale_order`  (
  `id` bigint(20) NOT NULL AUTO_INCREMENT COMMENT '销售订单ID',
  `storeId` bigint(20) NOT NULL COMMENT '门店ID',
  `userId` bigint(20) NOT NULL COMMENT '购买用户ID',
  `productId` bigint(20) NOT NULL COMMENT '商品ID',
  `productName` varchar(128) CHARACTER SET utf8mb4 COLLATE utf8mb4_0900_ai_ci NOT NULL COMMENT '商品名称',
  `productUrl` varchar(512) CHARACTER SET utf8mb4 COLLATE utf8mb4_0900_ai_ci NULL DEFAULT NULL COMMENT '商品图片',
  `productDescription` varchar(200) CHARACTER SET utf8mb4 COLLATE utf8mb4_0900_ai_ci NULL DEFAULT NULL COMMENT '商品描述',
  `productPrice` decimal(10, 2) NOT NULL COMMENT '销售单价',
  `productQuantity` int(11) NOT NULL COMMENT '销售数量',
  `totalAmount` decimal(12, 2) NOT NULL COMMENT '订单总金额',
  `warehouseId` bigint(20) NOT NULL COMMENT '发货仓库ID',
  `status` tinyint(4) NOT NULL COMMENT '状态（0-待发货，1-已发货，2-已完成）',
  `createTime` datetime NOT NULL DEFAULT CURRENT_TIMESTAMP COMMENT '创建时间',
  `updateTime` datetime NOT NULL DEFAULT CURRENT_TIMESTAMP ON UPDATE CURRENT_TIMESTAMP COMMENT '更新时间',
  `createBy` bigint(20) NULL DEFAULT NULL COMMENT '创建人ID（店员ID）',
  PRIMARY KEY (`id`) USING BTREE
) ENGINE = InnoDB AUTO_INCREMENT = 3 CHARACTER SET = utf8mb4 COLLATE = utf8mb4_0900_ai_ci COMMENT = '销售订单表' ROW_FORMAT = Dynamic;

-- ----------------------------
-- Records of sys_sale_order
-- ----------------------------
INSERT INTO `sys_sale_order` VALUES (1, 2012451295549087746, 2020702096289656834, 2020798723117420545, '邱肉瑶同款马甲，低价出', 'https://img.alicdn.com/bao/uploaded/i4/O1CN01shpoEh1UZFThg8tI0_!!4611686018427382259-0-fleamarket.jpg_790x10000Q90.jpg_.webp', '', 50.00, 3, 150.00, 2021065191566491650, 2, '2026-02-10 15:18:57', '2026-02-10 15:18:57', 2020702096289656834);
INSERT INTO `sys_sale_order` VALUES (2, 2012451295549087746, 2020702096289656834, 2020798723117420545, '邱肉瑶同款马甲，低价出', 'https://img.alicdn.com/bao/uploaded/i4/O1CN01shpoEh1UZFThg8tI0_!!4611686018427382259-0-fleamarket.jpg_790x10000Q90.jpg_.webp', '', 100.00, 1, 100.00, 2020769020683960322, 2, '2026-02-10 15:50:23', '2026-02-10 15:50:23', 2020702096289656834);

-- ----------------------------
-- Table structure for sys_sale_return
-- ----------------------------
DROP TABLE IF EXISTS `sys_sale_return`;
CREATE TABLE `sys_sale_return`  (
  `id` bigint(20) NOT NULL AUTO_INCREMENT COMMENT '销退订单ID',
  `saleOrderId` bigint(20) NOT NULL COMMENT '关联销售订单ID',
  `storeId` bigint(20) NOT NULL COMMENT '门店ID',
  `userId` bigint(20) NOT NULL COMMENT '退货用户ID',
  `productId` bigint(20) NOT NULL COMMENT '商品ID',
  `productName` varchar(128) CHARACTER SET utf8mb4 COLLATE utf8mb4_0900_ai_ci NOT NULL COMMENT '商品名称',
  `productUrl` varchar(512) CHARACTER SET utf8mb4 COLLATE utf8mb4_0900_ai_ci NULL DEFAULT NULL COMMENT '商品图片',
  `productDescription` varchar(200) CHARACTER SET utf8mb4 COLLATE utf8mb4_0900_ai_ci NULL DEFAULT NULL COMMENT '商品描述',
  `productPrice` decimal(10, 2) NOT NULL COMMENT '退货单价（原销售单价）',
  `productQuantity` int(11) NOT NULL COMMENT '退货数量',
  `totalAmount` decimal(12, 2) NOT NULL COMMENT '退货总金额',
  `status` tinyint(4) NOT NULL COMMENT '状态（0-未完成，1-已完成）',
  `warehouseId` bigint(20) NOT NULL COMMENT '入库仓库ID（退货商品入库仓库）',
  `reason` varchar(512) CHARACTER SET utf8mb4 COLLATE utf8mb4_0900_ai_ci NULL DEFAULT NULL COMMENT '退货原因',
  `createTime` datetime NOT NULL DEFAULT CURRENT_TIMESTAMP COMMENT '创建时间',
  `updateTime` datetime NOT NULL DEFAULT CURRENT_TIMESTAMP ON UPDATE CURRENT_TIMESTAMP COMMENT '更新时间',
  `createBy` bigint(20) NULL DEFAULT NULL COMMENT '创建人ID',
  PRIMARY KEY (`id`) USING BTREE
) ENGINE = InnoDB AUTO_INCREMENT = 3 CHARACTER SET = utf8mb4 COLLATE = utf8mb4_0900_ai_ci COMMENT = '销售退货表' ROW_FORMAT = Dynamic;

-- ----------------------------
-- Records of sys_sale_return
-- ----------------------------
INSERT INTO `sys_sale_return` VALUES (1, 1, 2012451295549087746, 2020702096289656834, 2020798723117420545, '邱肉瑶同款马甲，低价出', 'https://img.alicdn.com/bao/uploaded/i4/O1CN01shpoEh1UZFThg8tI0_!!4611686018427382259-0-fleamarket.jpg_790x10000Q90.jpg_.webp', '', 50.00, 3, 150.00, 1, 2021065191566491650, '不喜欢', '2026-02-10 15:36:27', '2026-02-10 15:36:27', 2020702096289656834);
INSERT INTO `sys_sale_return` VALUES (2, 1, 2012451295549087746, 2020702096289656834, 2020798723117420545, '邱肉瑶同款马甲，低价出', 'https://img.alicdn.com/bao/uploaded/i4/O1CN01shpoEh1UZFThg8tI0_!!4611686018427382259-0-fleamarket.jpg_790x10000Q90.jpg_.webp', '', 50.00, 3, 150.00, 1, 2021065191566491650, '不喜欢', '2026-02-10 15:36:54', '2026-02-10 15:36:54', 2020702096289656834);

-- ----------------------------
-- Table structure for sys_store
-- ----------------------------
DROP TABLE IF EXISTS `sys_store`;
CREATE TABLE `sys_store`  (
  `id` bigint(20) NOT NULL AUTO_INCREMENT COMMENT '门店ID（主键）',
  `storeName` varchar(64) CHARACTER SET utf8mb4 COLLATE utf8mb4_0900_ai_ci NOT NULL COMMENT '门店名称（如\"XX市XX区旗舰店\"）',
  `managerId` bigint(20) NOT NULL COMMENT '店长ID（关联sys_user.id，对应\"门店店长\"角色）',
  `contactName` varchar(32) CHARACTER SET utf8mb4 COLLATE utf8mb4_0900_ai_ci NOT NULL COMMENT '联系人（门店负责人）',
  `contactPhone` varchar(20) CHARACTER SET utf8mb4 COLLATE utf8mb4_0900_ai_ci NOT NULL COMMENT '联系电话',
  `contactEmail` varchar(64) CHARACTER SET utf8mb4 COLLATE utf8mb4_0900_ai_ci NULL DEFAULT '' COMMENT '联系邮箱',
  `address` varchar(255) CHARACTER SET utf8mb4 COLLATE utf8mb4_0900_ai_ci NOT NULL COMMENT '详细地址',
  `longitude` decimal(10, 6) NULL DEFAULT NULL COMMENT '经度',
  `latitude` decimal(10, 6) NULL DEFAULT NULL COMMENT '纬度',
  `createTime` datetime NOT NULL DEFAULT CURRENT_TIMESTAMP COMMENT '创建时间',
  `updateTime` datetime NOT NULL DEFAULT CURRENT_TIMESTAMP ON UPDATE CURRENT_TIMESTAMP COMMENT '更新时间',
  PRIMARY KEY (`id`) USING BTREE
) ENGINE = InnoDB AUTO_INCREMENT = 2012451295549087747 CHARACTER SET = utf8mb4 COLLATE = utf8mb4_0900_ai_ci COMMENT = '系统门店表' ROW_FORMAT = Dynamic;

-- ----------------------------
-- Records of sys_store
-- ----------------------------
INSERT INTO `sys_store` VALUES (2012451295549087746, 'qzh的便利店', 1991058483334778881, 'qzh', '13800138000', 'qzh@example.com', '北京市朝阳区建国路88号', 116.481028, 39.921983, '2026-01-17 17:05:53', '2026-01-17 17:05:53');

-- ----------------------------
-- Table structure for sys_transfer_log
-- ----------------------------
DROP TABLE IF EXISTS `sys_transfer_log`;
CREATE TABLE `sys_transfer_log`  (
  `id` bigint(20) NOT NULL AUTO_INCREMENT COMMENT '日志ID',
  `transferOrderId` bigint(20) NULL DEFAULT NULL COMMENT '调拨订单ID（关联调拨订单表）',
  `sourceWarehouseId` bigint(20) NOT NULL COMMENT '发货仓库ID',
  `targetWarehouseId` bigint(20) NOT NULL COMMENT '收货仓库ID',
  `productId` bigint(20) NOT NULL COMMENT '商品ID',
  `transferQuantity` int(11) NOT NULL COMMENT '调拨数量',
  `remark` varchar(512) CHARACTER SET utf8mb4 COLLATE utf8mb4_0900_ai_ci NULL DEFAULT NULL COMMENT '调拨备注（如自动补货调拨、库存不足调拨等）',
  `createTime` datetime NOT NULL DEFAULT CURRENT_TIMESTAMP COMMENT '创建时间',
  `updateTime` datetime NOT NULL DEFAULT CURRENT_TIMESTAMP ON UPDATE CURRENT_TIMESTAMP COMMENT '更新时间',
  PRIMARY KEY (`id`) USING BTREE
) ENGINE = InnoDB AUTO_INCREMENT = 2021139573890564099 CHARACTER SET = utf8mb4 COLLATE = utf8mb4_0900_ai_ci COMMENT = '自动调拨日志记录表' ROW_FORMAT = Dynamic;

-- ----------------------------
-- Records of sys_transfer_log
-- ----------------------------
INSERT INTO `sys_transfer_log` VALUES (2021139573890564098, 2020450466, 2020769020683960322, 2021065191566491650, 2021137011959287810, 1, '定时任务自动调拨', '2026-02-10 16:30:00', '2026-02-10 16:30:00');

-- ----------------------------
-- Table structure for sys_user
-- ----------------------------
DROP TABLE IF EXISTS `sys_user`;
CREATE TABLE `sys_user`  (
  `id` bigint(20) NOT NULL AUTO_INCREMENT COMMENT '用户ID',
  `userAccount` varchar(50) CHARACTER SET utf8mb4 COLLATE utf8mb4_general_ci NOT NULL COMMENT '登录账号',
  `userPassword` varchar(100) CHARACTER SET utf8mb4 COLLATE utf8mb4_general_ci NOT NULL COMMENT '登录密码',
  `userName` varchar(50) CHARACTER SET utf8mb4 COLLATE utf8mb4_general_ci NOT NULL COMMENT '真实姓名',
  `phone` varchar(20) CHARACTER SET utf8mb4 COLLATE utf8mb4_general_ci NULL DEFAULT NULL COMMENT '手机号',
  `email` varchar(100) CHARACTER SET utf8mb4 COLLATE utf8mb4_general_ci NOT NULL COMMENT '用户邮箱',
  `status` tinyint(4) NOT NULL DEFAULT 1 COMMENT '状态(0-禁用,1-正常)',
  `createTime` datetime NOT NULL DEFAULT CURRENT_TIMESTAMP,
  `updateTime` datetime NOT NULL DEFAULT CURRENT_TIMESTAMP ON UPDATE CURRENT_TIMESTAMP,
  PRIMARY KEY (`id`) USING BTREE,
  UNIQUE INDEX `userAccount`(`userAccount` ASC) USING BTREE
) ENGINE = InnoDB AUTO_INCREMENT = 2020884645016145922 CHARACTER SET = utf8mb4 COLLATE = utf8mb4_general_ci COMMENT = '用户表' ROW_FORMAT = Dynamic;

-- ----------------------------
-- Records of sys_user
-- ----------------------------
INSERT INTO `sys_user` VALUES (2018357787859034114, 'admin', 'c5e19eff557d37fbe30fdd7066149374', '刘德华', '18888888888', '', 1, '2026-02-03 00:16:10', '2026-02-09 11:12:12');
INSERT INTO `sys_user` VALUES (2020702096289656834, 'test', 'c5e19eff557d37fbe30fdd7066149374', '张三', '1588569362', 'test@qq.com', 1, '2026-02-09 11:31:37', '2026-02-09 11:31:37');
INSERT INTO `sys_user` VALUES (2020798136963436545, 'gys_test', 'c5e19eff557d37fbe30fdd7066149374', '李四', '16666666666', 'gys_test@qq.com', 1, '2026-02-09 17:53:15', '2026-02-09 17:53:15');
INSERT INTO `sys_user` VALUES (2020884645016145921, 'md_admin', 'c5e19eff557d37fbe30fdd7066149374', '王五', '19999999999', 'md_admin@qq.com', 1, '2026-02-09 23:37:00', '2026-02-09 23:37:00');

-- ----------------------------
-- Table structure for sys_user_role
-- ----------------------------
DROP TABLE IF EXISTS `sys_user_role`;
CREATE TABLE `sys_user_role`  (
  `userId` bigint(20) NOT NULL COMMENT '用户ID',
  `roleId` bigint(20) NOT NULL COMMENT '角色ID',
  `createTime` datetime NOT NULL DEFAULT CURRENT_TIMESTAMP COMMENT '创建时间（分配角色时间）',
  `updateTime` datetime NOT NULL DEFAULT CURRENT_TIMESTAMP ON UPDATE CURRENT_TIMESTAMP,
  `createBy` bigint(20) NULL DEFAULT NULL COMMENT '创建人ID',
  UNIQUE INDEX `uk_userid_roleid`(`userId` ASC, `roleId` ASC) USING BTREE
) ENGINE = InnoDB CHARACTER SET = utf8mb4 COLLATE = utf8mb4_general_ci COMMENT = '用户角色关联表' ROW_FORMAT = Dynamic;

-- ----------------------------
-- Records of sys_user_role
-- ----------------------------
INSERT INTO `sys_user_role` VALUES (2018357787859034114, 2018357649161789442, '2026-02-09 11:11:22', '2026-02-09 11:11:22', 2018357787859034114);
INSERT INTO `sys_user_role` VALUES (2020702096289656834, 2018357649346338818, '2026-02-09 11:31:37', '2026-02-09 11:31:37', 2018357787859034114);
INSERT INTO `sys_user_role` VALUES (2020798136963436545, 2018357649279229954, '2026-02-09 17:53:15', '2026-02-09 17:53:15', 2018357787859034114);
INSERT INTO `sys_user_role` VALUES (2020884645016145921, 2020883963240419330, '2026-02-09 23:37:00', '2026-02-09 23:37:00', NULL);

-- ----------------------------
-- Table structure for sys_warehouse
-- ----------------------------
DROP TABLE IF EXISTS `sys_warehouse`;
CREATE TABLE `sys_warehouse`  (
  `id` bigint(20) NOT NULL AUTO_INCREMENT COMMENT '仓库唯一ID',
  `name` varchar(100) CHARACTER SET utf8mb4 COLLATE utf8mb4_unicode_ci NOT NULL COMMENT '仓库名称',
  `address` varchar(255) CHARACTER SET utf8mb4 COLLATE utf8mb4_unicode_ci NOT NULL COMMENT '详细地址',
  `description` text CHARACTER SET utf8mb4 COLLATE utf8mb4_unicode_ci NULL COMMENT '仓库描述',
  `createBy` bigint(20) NOT NULL COMMENT '创建人ID',
  `createTime` datetime NOT NULL DEFAULT CURRENT_TIMESTAMP COMMENT '创建时间',
  `updateTime` datetime NOT NULL DEFAULT CURRENT_TIMESTAMP ON UPDATE CURRENT_TIMESTAMP COMMENT '更新时间',
  PRIMARY KEY (`id`) USING BTREE
) ENGINE = InnoDB AUTO_INCREMENT = 2021065191566491651 CHARACTER SET = utf8mb4 COLLATE = utf8mb4_unicode_ci COMMENT = '仓库表' ROW_FORMAT = Dynamic;

-- ----------------------------
-- Records of sys_warehouse
-- ----------------------------
INSERT INTO `sys_warehouse` VALUES (2020769020683960322, '北京仓', '北京市海淀区学清路38号金码大厦B座B3层', '', 2018357787859034114, '2026-02-09 15:57:33', '2026-02-09 15:57:33');
INSERT INTO `sys_warehouse` VALUES (2021065191566491650, '广州仓', '白云区-均禾街道-石马村建设路6号大院', '', 2020884645016145921, '2026-02-10 11:34:25', '2026-02-10 11:34:25');

SET FOREIGN_KEY_CHECKS = 1;
